,Unnamed: 0,Unnamed: 0.1,Ubicación,Area,Baños,Habitaciones,Precio
0,0,0," Los Serrados
, Toluca De Lerdo, México",105,2,3,130000
1,1,1," Tierra Y Libertad #114
, Toluca De Lerdo, México",115,2,3,50800
2,2,2," Toluca De Lerdo, México",700,3,3,325000
3,3,3," Granjas, Toluca De Lerdo",390,3,4,275000
4,4,4," Toluca De Lerdo, México",300,4,3,215000
5,5,5," Toluca De Lerdo, México",250,2,3,125000
6,6,6," Toluca De Lerdo, México",600,4,4,1000000
7,7,7," Toluca De Lerdo, México",,4,4,220000
8,8,8," Toluca De Lerdo, México",300,4,3,210000
9,9,9," Ejido Santa Cruz Azcapotzaltongo, Toluca De Lerdo",,,,137500
10,10,10," San Miguel Apinahuizco, Toluca De Lerdo",,,,75000
11,11,11," Venta De Casa/oficina Toluca
, Toluca De Lerdo, México",600,8,6,1250000
12,12,12,"  En Cacalomacan Toluca
, Cacalomacan, Toluca De Lerdo",330,4,4,290000
13,13,13," Venta De Casa Remodelada En La Colonia Morelos Toluca
, Morelos 1a Sección, Toluca De Lerdo",256,2,3,197500
14,14,14,"  Ideal Para Oficina En San Bernardino Toluca
, San Bernardino, Toluca De Lerdo",350,3,4,265000
15,15,15," Venta De Casa Con Terreno Excedente En Cacalomacan Toluca
, Cacalomacan, Toluca De Lerdo",350,3,4,225000
16,16,16," Venta De Casa En Cacalomacán Toluca
, Cacalomacan, Toluca De Lerdo",450,4,4,325000
17,17,17," Venta De Casa Sola En Cacalomacan Toluca
, Cacalomacan, Toluca De Lerdo",600,3,3,250000
18,18,18," Venta Casa Nueva Sola En Venta, A 5 Minutos De Central De Abastos Toluca, San Mateo Otzacatipan, Ejido
, San Mateo Otzacatipan, Toluca De Lerdo",262,2,2,117500
19,19,19,"  En El Centro De Toluca Ideal Para Inversion
, Toluca De Lerdo, México",300,2,4,300000
20,20,20," Venta De Casa De Una Sola Planta En San Mateo Oxtotitlàn Toluca
, San Mateo Oxtotitlán, Toluca De Lerdo",159,1,3,110000
21,21,21,"  En Centro Toluca
, Toluca De Lerdo, México",771,4,6,3050000
22,22,22," Residencia En Venta Por Calle Colón Toluca
, Ciprés, Toluca De Lerdo",280,3,3,523000
23,23,23," Casa Venta Renta En El Centro De Toluca
, Toluca De Lerdo, México",492,3,3,625000
24,24,24,"  En El Centro De Toluca
, Toluca De Lerdo, México",287,2,4,187500
25,25,25," Venta De Casa En Capultitlan Toluca
, Toluca De Lerdo, México",324,3,7,215000
26,26,26," Venta De Casa En Residencial Colón Toluca
, Toluca De Lerdo, México",280,2,2,400000
27,27,27," Venta De Casa En Colonia Independencia Toluca
, Toluca De Lerdo, México",315,2,4,217500
28,28,28," Venta De Casa En Cacalomacan En Cerrada De Abedules
, Cacalomacan, Toluca De Lerdo",,2,3,375000
29,29,29," Venta De Casa En La Colonia Sanchez Toluca
, Toluca De Lerdo, México",353,2,4,225000
30,30,30," Venta De Quinta Familiar En San Pablo Autopan Estado De Mèxico
, Toluca De Lerdo",189,2,3,134500
31,31,31," Casa Nueva En Venta En Cacalomacan Toluca
, Cacalomacan, Toluca De Lerdo",148,2,3,125000
32,32,32," Venta De Casa Nuieva En Fuentes De San Jose Toluca
, Toluca De Lerdo, México",250,3,3,156000
33,33,33," Venta De Casa En Colonia Ocho Cedros Toluca
, Toluca De Lerdo, México",,3,4,112500
34,34,34," Venta De Casa En El Centro De Toluca
, Toluca De Lerdo, México",1690,3,4,1400000
35,35,35," Venta De Casa En Cacalomacán Centro Toluca
, Toluca De Lerdo, México",800,4,4,610000
36,36,36," Marie Curie 303, Toluca De Lerdo, México",189,4,3,282500
37,37,37," Casa Nueva Oxotitlan
, Toluca De Lerdo, México",250,1,4,150000
38,38,38," Toluca De Lerdo, México",271,2,3,257500
39,39,39," Ignacio Zaragoza 102, Toluca De Lerdo, México",120,2,3,77500
40,40,40," Venta De Casa En Valle Don Camilo En La Calle Montes Altai, Toluca
, Toluca De Lerdo, México",209,2,4,170000
41,41,41," Venta De Casa En Toluca A Un Costado De La Procuraduría
, Toluca De Lerdo, México",188,3,3,122500
42,42,42," Venta Rancho En Cacalomacan Toluca
, Cacalomacan, Toluca De Lerdo",400,5,4,500000
43,43,43," Venta De Casa En Cacalomacán Estado De Mèxico
, Cacalomacan, Toluca De Lerdo",,3,4,850000
44,44,44," Las Misiones
, San Mateo Otzacatipan, Toluca De Lerdo",,2,3,78000
45,45,45," Toluca De Lerdo, México",1046,4,4,1150000
46,46,46,"  En Galeana, Toluca Centro
, Toluca De Lerdo, México",380,4,6,700000
47,47,47," Toluca De Lerdo, México",425,3,3,795000
48,48,48," Venta De Casa En Colonia Ocho Cedros Toluca
, Toluca De Lerdo, México",237,7,8,155000
49,49,49," Venta De Casa Con 3 Locales En El Centro De Toluca
, Toluca De Lerdo, México",282,,,480250
50,50,50," Toluca De Lerdo, México",566,5,,1250000
51,51,51," Venta De Casa En El Cerrillo Vista Hermosa Toluca
, Toluca De Lerdo, México",120,1,3,57500
52,52,52," Venta De Casa A Precio De Terreno En El Centro De Toluca
, Toluca De Lerdo, México",,,,325000
53,53,53," Morelos Esquina Quintana Roo, Toluca De Lerdo, México",355,6,8,175000
54,54,54," Céntrica  O Renta En Av Instituto Literario Toluca
, Toluca De Lerdo, México",600,4,4,475000
55,55,55," Prolongacion San Pedro Totoltepec 302, San Pedro Totoltepec, Toluca De Lerdo",151,2,3,81000
56,56,56," Vesana 104, Capultitlán, Toluca De Lerdo",168,2,3,74205.65
57,57,57," Prol Paseo Totoltepec 302, San Pedro Totoltepec, Toluca De Lerdo",100,2,2,51836.7
58,58,58," Paseos Del Valle, Rincón Del Parque, Toluca De Lerdo",100,2,3,41390.35
59,59,59," San Marcos 259, Toluca, Toluca De Lerdo",108,2,3,24426.85
60,60,60," Rinconada De Mayordomo, San Mateo Otzacatipan, Toluca De Lerdo",250,2,3,102469.65
61,61,61," Valle De Isarco 20, Toluca De Lerdo, México",270,3,4,145670.6
62,62,62," Valle De Trebbia 12, Toluca De Lerdo, México",300,3,4,116750
63,63,63," Hacienda Las Carretas 48, Toluca De Lerdo, México",120,2,3,19096.65
64,64,64," Boulevard Lic Adolfo Lopez Mateos 146, Toluca De Lerdo, México",160,2,3,41500
65,65,65," Privada Vainlla 1799, Toluca De Lerdo, México",210,3,4,71500
66,66,66," Privada Gardenia 3089, Toluca De Lerdo, México",210,3,4,74113.2
67,67,67," Bosque De Encinos 1819, Toluca De Lerdo, México",200,3,4,67750
68,68,68," Rebeca 155, Unidad Victoria, Toluca De Lerdo",120,2,3,127660.75
69,69,69," Cda Hacienda San Jorge, San Mateo Oxtotitlán, Toluca De Lerdo",120,2,3,41165.9
70,70,70," Valle De Trebbia 12, Toluca De Lerdo, México",240,3,4,139750
71,71,71," Prolongacion 5 De Mayo 1541, Comisión Federal De Electricidad, Toluca De Lerdo",130,2,3,236990.45
72,72,72," Av. Independencia 143, Toluca De Lerdo, México",120,2,2,20850
73,73,73," Miguel Mata No. 209 santiago Miltepec toluca Edo Mex., Toluca De Lerdo, México",140,2,3,21530.1
74,74,74," Jose Maria Morelos 105, Independencia, Toluca De Lerdo",45,1,2,18637.4
75,75,75," Santos Degollado 000 Niños Heroes,toluca,estado De Mexico,50100, Niños Héroes, Toluca De Lerdo",350,2,4,68491.25
76,76,76," Arboleda 2, Hacienda Del Valle Ii, Toluca De Lerdo",110,2,3,47363.3
77,77,77," Arboleda 2, Hacienda Del Valle Ii, Toluca De Lerdo",110,2,3,47363.3
78,78,78," Arboleda 2, Hacienda Del Valle Ii, Toluca De Lerdo",110,2,3,47363.3
79,79,79," Arboleda 2, Hacienda Del Valle Ii, Toluca De Lerdo",110,2,3,47363.3
80,80,80," Prolongación Ruta De La Independencia # 131, Independencia, Toluca De Lerdo",110,2,3,16500
81,81,81," Arboleda 2, Hacienda Del Valle Ii, Toluca De Lerdo",110,2,3,47363.3
82,82,82," Fracc Hacienda Del Valle Ii, Hacienda Del Valle Ii, Toluca De Lerdo",110,2,3,19096.65
83,83,83," Tierra Y Libertad 114 Casa 00 La Ribera,toluca,toluca,estado De Mexico,50100, San Mateo Oxtotitlán, Toluca De Lerdo",130,2,3,39785.95
84,84,84," Arboleda 2, Hacienda Del Valle Ii, Toluca De Lerdo",110,2,3,47363.3
85,85,85," Arboleda 2, Hacienda Del Valle Ii, Toluca De Lerdo",110,2,3,47363.3
86,86,86," Guerrero, Cacalomacan, Toluca, Cacalomacan, Toluca De Lerdo",220,2,4,43737.1
87,87,87," Prolongacion Progreso 305, Bosques De San Mateo, Toluca De Lerdo",160,2,3,30120.4
88,88,88," Arboleda 2, Hacienda Del Valle Ii, Toluca De Lerdo",110,2,3,47363.3
89,89,89," Arboleda 2, Hacienda Del Valle Ii, Toluca De Lerdo",110,2,3,47363.3
90,90,90," Paloma Torcaza 38, Toluca De Lerdo, México",100,1,3,18958
91,91,91," Carr.toluca-naucalpan #1702, San Mateo Otzacatipan, Toluca De Lerdo",150,2,3,73500
92,92,92," Manuel M. Dieguez  503, Guadalupe, Toluca De Lerdo",180,2,3,29450
93,93,93," Tierra Y Libertad 114, Toluca De Lerdo, México",120,2,3,49553.05
94,94,94," Agronomos 101 Fracc.misiones De Santa Esperaza, Toluca 50227, Misiones De Santa Esperanza, Toluca De Lerdo",120,2,3,19842.85
95,95,95," Azaleas Las Flores, Toluca De Lerdo, México",120,1,3,27737.7
96,96,96," Paloma Silvestre 86, Toluca De Lerdo, México",80,1,3,18958
97,97,97," Arteaga Oriente, Toluca De Lerdo, México",300,3,3,112500
98,98,98," Adolfo Lopez Mateos 146, Toluca De Lerdo, México",100,2,3,41500
99,99,99," Arco Iris 15b, Bosques De San Mateo, Toluca De Lerdo",90,1,2,31783.5
100,100,100," Nezahualcoyotl 716, Izcalli Ipiem, Toluca De Lerdo",150,2,3,53250
101,101,101," Luis Gonzaga Urbina, Tlacopa, Toluca De Lerdo",500,2,3,142750
102,102,102," Miguel Hidalgo 79, Toluca De Lerdo, México",240,3,4,192500
103,103,103," Adolfo Lopez Mateos 146, Toluca De Lerdo, México",100,2,3,41500
104,104,104," Hacienda Cerro Viejo, San Nicolás Tolentino, Toluca De Lerdo",120,2,3,49750
105,105,105," Filiberto Navas 00, Rancho San Jorge, Toluca De Lerdo, Méx. 50100, Ex-hacienda San Jorge, Toluca De Lerdo",100,1,3,60283.7
106,106,106," Boulevard De Los Continentes 118, De Tlanepantla, Toluca De Lerdo",400,4,4,218110.7
107,107,107," De La Barraca #00-0 Barrio Tlacopa Toluca De Lerdo 50010, Tlacopa, Toluca De Lerdo",85,1,3,25826.75
108,108,108," Rinconada De La Capilla, San Mateo Otzacatipan, Toluca De Lerdo",300,4,4,180250
109,109,109," Girasol 218, Club Jardín, Toluca De Lerdo",125,2,3,63782.75
110,110,110," Hacienda Las Carretas, Toluca De Lerdo, México",70,1,3,19096.65
111,111,111," Girasol 218, Toluca De Lerdo, México",125,2,3,63782.75
112,112,112," Isla San Juan De Ulúa 125, De Tlanepantla, Toluca De Lerdo",200,3,4,48000
113,113,113," Fernando Aguilar Vilchis, Rancho La Mora, Toluca De Lerdo",160,2,3,20602.1
114,114,114," Girasol 218, Toluca De Lerdo, México",125,2,3,63782.75
115,115,115," San Mateo Otzacatipan, 50200 San Nicolás Tolentino, San Mateo Otzacatipan, Toluca De Lerdo",120,2,2,90500
116,116,116," Rebeca No. Ext 155, Unidad Victoria, Toluca De Lerdo",150,1,3,52500
117,117,117," Cerro Del Mercado 205, De Tlanepantla, Toluca De Lerdo",150,2,3,62500
118,118,118," María Curie, Toluca De Lerdo, México",200,3,3,197250
119,119,119," Girasol 00, Toluca De Lerdo, México",125,2,3,63782.75
120,120,120," Paloma Tortola 00, Las Palomas, Toluca De Lerdo, Méx., Toluca De Lerdo, México",50,1,2,23550.35
121,121,121," Juan Silveti 137, Toluca De Lerdo, México",100,2,3,28750
122,122,122," Adolfo Lopez Mateos # 146, Centro, Toluca De Lerdo",140,1,3,59933.2
123,123,123," Av Independencia # 139, Toluca De Lerdo, México",100,1,3,20850
124,124,124," Arbol De Las Manitas Toluca, Toluca De Lerdo, México",120,2,3,19270
125,125,125," Las Flores No Ext 278 No Int 43, Tlacopa, Toluca De Lerdo",565,3,6,528569.9
126,126,126," Prolongacion 5 De Mayo #1541, Toluca De Lerdo, México",150,2,4,74500
127,127,127," Independencia 129, Toluca De Lerdo, México",200,3,5,73500
128,128,128," Miguel Hidalgo #, Centro, Toluca De Lerdo",153,2,3,33159.2
129,129,129," Carretera Toluca Naucalpan # 00, San Mateo Oxtotitlán, Toluca De Lerdo",200,2,3,73500
130,130,130," Manuel M Dieguez, Toluca De Lerdo, México",120,2,3,23950
131,131,131," Av Hidalgo, San Bernardino, Toluca De Lerdo",240,2,4,33307.5
132,132,132," Isabel La Catolica, Américas, Toluca De Lerdo",150,2,4,54810
133,133,133," Guillermo Marconi Toluca, Toluca De Lerdo, México",120,2,3,34963.6
134,134,134," Toluca # 606, Sector Popular, Toluca De Lerdo",100,2,2,28474
135,135,135," Adolfo López Mateos 146, Toluca De Lerdo, México",150,2,3,41500
136,136,136," Jose Marti 209, Toluca De Lerdo, México",95,2,2,27900
137,137,137," Av Independencia 143, Toluca De Lerdo, México",100,2,3,18850
138,138,138," Isabela Catolica # 00, Américas, Toluca De Lerdo",120,2,3,54810
139,139,139," Azucena 125b, 5 De Mayo, Toluca De Lerdo",80,2,3,17928.4
140,140,140," San Marcos, Toluca De Lerdo, México",121,2,3,24272
141,141,141," Camino Viejo A San Lorenzo 200, Toluca De Lerdo, México",90,2,3,20367.25
142,142,142," Santa Cruz Otzacatipan, Toluca De Lerdo, México",200,2,3,170750
143,143,143," Arbol De Las Manitas, Toluca De Lerdo, México",150,2,3,19270
144,144,144," Bosques De Pirules 105 Toluca, Toluca De Lerdo, México",100,2,3,29410
145,145,145," Azaleas, Toluca De Lerdo, México",95,2,3,27737.65
146,146,146," Av Independencia 143, Toluca De Lerdo, México",100,2,3,18850
147,147,147," Guillermo # 00, Toluca De Lerdo, México",100,2,2,34963.6
148,148,148," Jose Maria Jauregui No. 00, Toluca De Lerdo, México",140,2,2,26851.6
149,149,149," Avenida Independencia # 00, Toluca De Lerdo, México",130,2,2,18850
150,150,150," Antiguo Camino A San Lorenzo # 200, Independencia, Toluca De Lerdo",120,1,4,48341.05
151,151,151," Jose Marti 200, Independencia, Toluca De Lerdo",100,2,3,48341.05
152,152,152," Cristobal Olmedo, San Miguel Apinahuizco, Toluca De Lerdo",330,2,4,28392.9
153,153,153," Lago Tanganica, Toluca De Lerdo, México",190,2,3,74275
154,154,154," Jose Vicente Villada 101 - Casa-9,l-9, Toluca De Lerdo, México",245,3,4,154750
155,155,155," Tierra Y Libertad # 00, Toluca De Lerdo, México",200,2,3,49553.05
156,156,156," Adolfo Lopez Mateos # 146, Toluca De Lerdo, México",100,23,3,41500
157,157,157," Toluca De Lerdo, México",90,2,3,23499.6
158,158,158," Miguel Hidalgo San Lorenzo Tepaltitlan Toluca, San Lorenzo Tepaltitlán Centro, Toluca De Lerdo",122,1,3,73014
159,159,159," La Barranca #, Tlacopa, Toluca De Lerdo",70,1,2,25826.75
160,160,160," Rancho Seco #, Unidad Victoria, Toluca De Lerdo",80,1,2,10653.05
161,161,161," Progreso 305, Toluca De Lerdo, México",110,3,4,30120.4
162,162,162," Hidalgo Poniente San Bernardino, Toluca De Lerdo, México",160,2,3,33307.45
163,163,163," Azaleas #, San Lorenzo Tepaltitlán Centro, Toluca De Lerdo",95,1,3,27737.7
164,164,164," Paloma Silvestre #, Centro, Toluca De Lerdo",130,1,3,23565.35
165,165,165," Hacienda Zumpango, Hacienda Del Valle Ii, Toluca De Lerdo",85,2,2,49822.4
166,166,166," Prol. 5 De Mayo 2 Ote, Toluca De Lerdo, México",120,2,3,74500
167,167,167," Galileo Galilei, Toluca De Lerdo, México",300,3,4,90750
168,168,168," Av. Bosques Del Nevado, Toluca De Lerdo, México",180,2,3,36625
169,169,169," Paloma Silvestre 32, Toluca De Lerdo, México",62,1,2,24002.9
170,170,170," Jose Ma Arteaga, Toluca De Lerdo, México",112,2,3,112500
171,171,171," Bosques De Pirules 105, Toluca De Lerdo, México",100,2,3,29410
172,172,172," C. De La Independencia 129, Toluca De Lerdo, México",150,2,3,73500
173,173,173," Delegación San Mateo Otzacatipan, Toluca De Lerdo, Méx.
, Toluca De Lerdo, México",70,1,2,64500
174,174,174," Av Hidalgo 17
, De Tlanepantla, Toluca De Lerdo",160,4,4,165000
175,175,175," Toluca
, Toluca De Lerdo, México",540,5,4,565000
176,176,176," Venta Casa En La Col. Morelos
, Morelos 1a Sección, Toluca De Lerdo",92,1,3,149000
177,177,177," Ceboruco #sn
, Ampliación Lázaro Cárdenas, Toluca De Lerdo",177,3,3,155000
178,178,178," Cacalomacan, Toluca De Lerdo",250,5,3,212500
179,179,179," Casa Sola Toluca Cu Tollocan Matlazincas Adolfo López Mateos
, Rincón Del Parque, Toluca De Lerdo",230,3,5,125000
180,180,180," Juan Álvarez 918, Vértice, 50090 Toluca De Lerdo, Méx.
, Vértice, Toluca De Lerdo",180,2,3,117500
181,181,181," Cacalomacan, Toluca De Lerdo",250,5,3,212500
182,182,182," Cacalomacán, Edo. De México
, Cacalomacan, Toluca De Lerdo",335,3,3,382500
183,183,183," Ampliación Lázaro Cárdenas, Toluca De Lerdo",177,3,3,157500
184,184,184," Paseo De Los Jinetes, Cacalomacan
, Toluca De Lerdo, México",2000,6,6,10000000
185,185,185," Cristobal Colon
, San Mateo Oxtotitlán, Toluca De Lerdo",140,2,2,115000
186,186,186," Paseo De Los Clérigos
, Toluca De Lerdo, México",87,2,3,82500
187,187,187," Paseo De Los Dioses #234, 23
, Toluca De Lerdo, México",170,3,3,124500
188,188,188," Ceboruco #sn
, Toluca De Lerdo, México",177,3,3,155000
189,189,189," Niños Héroes #316, 1
, Toluca De Lerdo, México",135,3,3,98500
190,190,190," Casa Valle Don Camilo Cerca Las Torres Tollocan
, Toluca De Lerdo, México",400,4,4,300000
191,191,191," A Solo 10 Min De Pabellon Metepec #sn
, Toluca De Lerdo, México",177,3,3,155000
192,192,192," Paseo Colón Null
, Ciprés, Toluca De Lerdo",,3,6,1900000
193,193,193," Calle Ramon Gomez Del V. 109
, Toluca De Lerdo, México",,4,4,324500
194,194,194," Ometusco #00
, Los Sauces V, Toluca De Lerdo",74,1,3,14386.5
195,195,195," Av. Arboleda 102, Col, 50220 San Mateo Otzacatipan, Méx. #sn
, Toluca De Lerdo, México",124,3,3,93000
196,196,196," Pedro Ascencio #400
, Toluca De Lerdo, México",115,2,2,87500
197,197,197," Https://goo.gl/maps/5l6yq7whzfplav5q7
, Toluca De Lerdo, México",332,2,3,180000
198,198,198," Mextli #sn
, Toluca De Lerdo, México",170,3,3,155000
199,199,199," Cristóbal Colón
, San Mateo Oxtotitlán, Toluca De Lerdo",149,1,3,105000
200,200,200," Cerrada De Abedules No, 6 6
, Toluca De Lerdo, México",,9,6,3500000
201,201,201," Luis Donaldo Colosio #0, 1
, Toluca De Lerdo, México",200,3,3,67500
202,202,202," Toluca De Lerdo, México",177,3,3,155000
203,203,203," Km. 52.5 Carretera Toluca Naucalpan #km 52.5
, Toluca De Lerdo, México",100,3,3,64146
204,204,204," Campo Real, Delegación Santa María Totoltepec, 50245 Toluca De Lerdo, Méx.
, Santa María Totoltepec, Toluca De Lerdo",180,2,3,125000
205,205,205," Av. Encinos
, Toluca De Lerdo, México",204,3,4,80000
206,206,206," Toluca De Lerdo, México",160,2,3,120000
207,207,207," Miguel Hidalgo
, La Merced  (alameda), Toluca De Lerdo",1046,3,4,1150000
208,208,208," Lago Del Oso N 314 Colonia Villa Hogar, Cp52170, Toluca Estado De México, México.
, Villa Hogar, Toluca De Lerdo",,2,3,137500
209,209,209," Flor De Ma. R. De M. 104a, Barrio De La Merced, De La Merced, Estado De México
, La Merced  (alameda), Toluca De Lerdo",300,2,4,292500
210,210,210," Hermosa Residencia En Venta, Residencial Colón, Toluca, Edo. De México.
, Ciprés, Toluca De Lerdo",390,5,5,430000
211,211,211," San Nicolas Tolentino Otzacatipan 50230 San Nicolás Tolentino, Méx #sn
, Toluca De Lerdo, México",113,3,3,84750
212,212,212," Hacieda Guadalupe #36
, Toluca De Lerdo, México",132,2,2,55000
213,213,213," Mza 43 #43, 00
, San Nicolás Tolentino, Toluca De Lerdo",110,1,3,60000
214,214,214," Carretera Toluca Naucalpan #1702
, Toluca De Lerdo, México",100,3,3,67565
215,215,215," Juan Aldama Sur 512
, Toluca De Lerdo, México",,5,5,730000
216,216,216," , Cacalomacan, Edo. De México.
, Cacalomacan, Toluca De Lerdo",300,2,3,215000
217,217,217," Moctezuma Xocoyotzin
, Santa María Totoltepec, Toluca De Lerdo",170,1,3,82500
218,218,218," Prolongacion Laguna Del Volcan S/n
, Héroes Del 5 De Mayo, Toluca De Lerdo",400,3,,185000
219,219,219," Hacienda Molino De Las Flores #00
, Toluca De Lerdo, México",74,1,3,16297.35
220,220,220," Aretusa #227
, Toluca De Lerdo, México",72,2,3,43000
221,221,221," , Cacalomacan, Toluca, Edo. De México.
, Cacalomacan, Toluca De Lerdo",300,2,3,215000
222,222,222," Eulalia Peñaloza #000, 000
, Toluca De Lerdo, México",225,2,3,99826.5
223,223,223," San Lucas #00
, Toluca De Lerdo, México",60,1,2,22322.2
224,224,224," Toluca De Lerdo, México",390,7,6,250000
225,225,225," Fernando González 207, Valle Verde Y Terminal, 50140 Toluca De Lerdo, Méx.
, Valle Verde, Toluca De Lerdo",227,2,3,155000
226,226,226," Flor De Ma. R. De M. 104a, Barrio De La Merced, De La Merced, Estado De México #**
, La Merced  (alameda), Toluca De Lerdo",300,3,4,292500
227,227,227," Principal #0, 1
, Toluca De Lerdo, México",187,3,4,129000
228,228,228," Guillermo Marconi #0, 0
, Toluca De Lerdo, México",120,2,3,62450
229,229,229," Roble
, Santa María Totoltepec, Toluca De Lerdo",72,1,2,49450
230,230,230," Ara Las Misiones #00
, Toluca De Lerdo, México",96,3,3,72500
231,231,231," Paseo Toscana #1702
, Toluca De Lerdo, México",127,3,3,115000
232,232,232," Oportunidad Casa Venta Toluca A Dos Cuadras Av Alfredo Del Mazo Col Cientificos Escuela Simon Bolivar
, Toluca De Lerdo, México",253,2,4,165000
233,233,233," Toluca De Lerdo, México",600,8,6,1250000
234,234,234,"  La Pera, Cacalomacan, Toluca, Edo. De México
, Cacalomacan, Toluca De Lerdo",220,2,3,200000
235,235,235,"  Las Misiones Toluca
, Toluca De Lerdo, México",96,2,3,77500
236,236,236," Antonio Albarran #612
, Toluca De Lerdo, México",114,1,3,46650.15
237,237,237," Carretera México Toluca #00
, Toluca De Lerdo",96,2,3,81500
238,238,238," Venta Casa Col. Morelos, Toluca Edo. De México
, Morelos 1a Sección, Toluca De Lerdo",160,1,3,160000
239,239,239," Héroes Del 5 De Mayo, Toluca De Lerdo",360,2,4,125000
240,240,240," Toluca De Lerdo, México",177,3,3,155000
241,241,241,"  En Toluca, Santa Ana Tlapaltitlan
, Santa Ana Tlapaltitlán, Toluca De Lerdo",240,2,3,110000
242,242,242," Circuito San Jose Rinconada De La Casa Grande #00
, Toluca De Lerdo, México",250,2,3,119500
243,243,243," San Mateo Oxtotitlán, Toluca De Lerdo",140,2,3,115000
244,244,244," Fraccionamiento Los Sauces #0
, Toluca, Toluca De Lerdo",90,1,2,35160
245,245,245," Andres Benavides
, Ciprés, Toluca De Lerdo",215,4,4,232500
246,246,246," Av: Hidalgo
, La Merced  (alameda), Toluca De Lerdo",955,4,4,1050000
247,247,247," Camino A San Miguel Sn, Cacalomacán, Toluca, Estado De México
, Toluca De Lerdo",220,2,3,114500
248,248,248," , Delegación San Mateo Otzacatipan, Toluca, Edo. De México
, San Mateo Otzacatipan, Toluca De Lerdo",99,1,3,75000
249,249,249," Marie Curie #303
, Toluca De Lerdo, México",245,5,3,192822.15
250,250,250," Isidro Favela Null
, Doctores, Toluca De Lerdo",,4,4,160000
251,251,251," J. A. Torres 200a, Universidad, 50130 Toluca De Lerdo, Méx.
, Toluca De Lerdo, México",220,2,5,207500
252,252,252," Emiliano Zapata 3b, Rancho San Jorge, 50100 Toluca De Lerdo, Méx.
, San Mateo Oxtotitlán, Toluca De Lerdo",87,1,2,72500
253,253,253," Independencia #000
, Toluca De Lerdo, México",85,1,2,17761.25
254,254,254," Corralejo
, Independencia, Toluca De Lerdo",137,2,4,105000
255,255,255,"  En Toluca Centro En Calle Cerrada
, La Merced  (alameda), Toluca De Lerdo",430,4,4,375000
256,256,256," Tomas Alba Edison
, Científicos, Toluca De Lerdo",216,2,4,127500
257,257,257," /renta En La Joya, Toluca
, Santa María Totoltepec, Toluca De Lerdo",172,2,3,100000
258,258,258," San Lucas #00
, Toluca De Lerdo, México",95,2,3,20840.6
259,259,259," Toluca De Lerdo, México",4000,9,7,10000000
260,260,260," Calle Marie Curie #303
, Toluca De Lerdo, México",192,4,3,197000
261,261,261," Andador Hacienda Comanjillas, Unidad Habitacional San Francisco Infonavit, San Frnacisco Metepec, Toluca, Estado De Mexico
, Toluca De Lerdo",80,1,2,31000
262,262,262," Juan Aldama Null
, San Mateo Oxtotitlán, Toluca De Lerdo",,3,3,114000
263,263,263," Carr Toluca Naucalpan #1702
, Toluca De Lerdo, México",126,2,3,44300
264,264,264," Prol. Ligeros
, Héroes Del 5 De Mayo, Toluca De Lerdo",252,2,3,99500
265,265,265," San Buenaventura, Toluca De Lerdo",102,2,,55000
266,266,266," José Martí #1000, 100
, Científicos, Toluca De Lerdo",152,3,3,157500
267,267,267," Privada Galeana #1
, Toluca De Lerdo, México",136,2,4,97500
268,268,268," Paseo Toscana S/n
, San Mateo Otzacatipan, Toluca De Lerdo",,2,3,115000
269,269,269," Sierra Leona Null
, Toluca De Lerdo, México",,3,4,197500
270,270,270," Calle 21 De Marzo Null
, San Mateo Otzacatipan, Toluca De Lerdo",,2,3,100000
271,271,271," Dr. Mariano C. Olivera #104 A, 0
, Toluca De Lerdo, México",350,3,3,257500
272,272,272,"  Colonia Sanchez, Toluca
, Salvador Sánchez Colín, Toluca De Lerdo",310,2,6,155000
273,273,273," Ocho Cedros, Toluca De Lerdo",,3,4,112500
274,274,274,"  Fracc. La Teja 2 Toluca Edo. De México
, Carlos Hank González, Toluca De Lerdo",120,1,3,82500
275,275,275," Vendo Casa Balcones De Santin, Uso De Suelo Mixto Toluca
, Toluca De Lerdo, México",325,3,3,155000
276,276,276," Independencia, Cacalomacan, 50265 Toluca De Lerdo, Méx.
, Toluca De Lerdo, México",96,2,3,115000
277,277,277," Priv. De La Barranca 125-120
, Tlacopa, Toluca De Lerdo",152,2,3,100000
278,278,278," 1a. Privada De La Libertad 103, Barrio De La Merced, 50080 Toluca De Lerdo, Méx., México
, Toluca De Lerdo",190,2,3,125000
279,279,279," Jose Vicente Villada #101
, Santa Ana Tlapaltitlán, Toluca De Lerdo",245,5,3,39470
280,280,280," Barrio De Tlacopa, 50010 Toluca De Lerdo, Méx.
, Toluca De Lerdo, México",172,2,3,240000
281,281,281," Toluca De Lerdo, México",95,1,2,32910.65
282,282,282," Lesse #1705
, Toluca De Lerdo, México",143,3,3,119000
283,283,283," Privada De Xicotencatl
, La Merced  (alameda), Toluca De Lerdo",800,3,4,375000
284,284,284," Hacienda San Agustín
, San Mateo Oxtotitlán, Toluca De Lerdo",170,2,3,77500
285,285,285," Marie Curie #303
, Toluca De Lerdo, México",192,2,3,194000
286,286,286," Hacienda De Tlacatecpan #sn
, Los Sauces V, Toluca De Lerdo",62,1,3,52500
287,287,287," Parque Sierra Morelos
, San Mateo Oxtotitlán, Toluca De Lerdo",380,2,4,115000
288,288,288," Prol. 15 De Mayo, Estado De México
, Toluca De Lerdo",300,3,3,174500
289,289,289," Cerro Del Águila, Los Pirules
, De Tlanepantla, Toluca De Lerdo",305,4,5,190000
290,290,290," Residencial Colón #nd
, Toluca De Lerdo, México",620,3,3,465000
291,291,291," Felipe Villanueva #000
, Morelos 1a Sección, Toluca De Lerdo",100,2,3,93450
292,292,292," Toluca De Lerdo, México",113,1,3,77500
293,293,293," Toluca De Lerdo, México",177,3,3,157500
294,294,294," Av. Eulalia Peñaloza 199
, Morelos 2a Secc, Toluca De Lerdo",,2,4,99250
295,295,295," Toluca De Lerdo, México",217,4,6,149500
296,296,296," Cacalomacan #nd
, Toluca De Lerdo, México",240,3,3,110000
297,297,297," General Gumercindo Enriquez #125
, Valle Verde, Toluca De Lerdo",65,1,2,34296
298,298,298," , Santa Ana La Crespa, Toluca
, Santa Ana Tlapaltitlán, Toluca De Lerdo",166,2,4,77500
299,299,299," Venta Casa Sn Pedro Totoltepec Frente A Bodega Aurrera
, Toluca De Lerdo, México",60,1,2,45750
300,300,300," Toluca De Lerdo, México",400,3,3,675000
301,301,301," Toluca De Lerdo, México",1000,7,6,1250000
302,302,302," Residencial Amazonas #sn
, Toluca De Lerdo, México",250,5,3,212500
303,303,303," Col. Morelos Ii Seccion Toluca Edo Mex
, Morelos 1a Sección, Toluca De Lerdo",492,3,3,625000
304,304,304," Tlalnepantla
, De Tlanepantla, Toluca De Lerdo",215,3,5,135000
305,305,305," Casa Sola En Venta En Toluca
, Niños Héroes (penciones), Toluca De Lerdo",980,3,4,599500
306,306,306," Independencia 223
, Santa María Totoltepec, Toluca De Lerdo",,2,3,61700
307,307,307," Toluca De Lerdo, México",225,2,3,58196.5
308,308,308," Boulevard Miguel Aleman #2
, Toluca De Lerdo, México",113,3,2,69200
309,309,309," Toluca De Lerdo, México",151,3,3,210000
310,310,310," Miguel Mata #209
, Toluca De Lerdo, México",136,2,3,21780.15
311,311,311," Jose María Arteaga #112
, Toluca De Lerdo, México",294,3,3,112500
312,312,312," Priv. Chapultepec
, San Mateo Oxtotitlán, Toluca De Lerdo",190,2,4,67500
313,313,313,"  En Toluca, Instituto Literario
, Toluca De Lerdo, México",600,4,4,475000
314,314,314," , San Mateo Atenco, Toluca, Edo. De México
, Toluca De Lerdo",167,2,3,153400
315,315,315," Ricardo Flores Magón
, San Mateo Otzacatipan, Toluca De Lerdo",215,3,3,157500
316,316,316," 2 Privada De Arenas #5 Col.jardines De San Pedro, San Felipe Tlalmimilolpan, 50250 Toluca De Lerdo, Méx., México
, Toluca De Lerdo",800,3,4,750000
317,317,317," 5 De Mayo Null
, Toluca De Lerdo, México",,2,3,98450
318,318,318," Constituyentes #1136
, Toluca De Lerdo, México",200,4,4,235500
319,319,319,"  En San Buenaventura, Toluca
, Toluca De Lerdo, México",190,3,3,119000
320,320,320," Paseo Toscana #1702
, Toluca De Lerdo, México",165,3,3,112500
321,321,321," Adolfo Villa Gonzalez Maz.6 Lt.10 Fraccionamiento Los Heroes Lll Calle 2,
, Santa María Totoltepec, Toluca De Lerdo",97,2,4,55000
322,322,322," Paseo Cristobal Colon
, Toluca De Lerdo, México",220,2,3,75000
323,323,323," Juan Aldama 111 1b, Delegación Santa María Totoltepec, 50200 Toluca De Lerdo, Méx.
, Santa María Totoltepec, Toluca De Lerdo",120,1,3,130000
324,324,324," C. Alberto Salinas 714, Moderna De La Cruz, 50180 Toluca De Lerdo, Méx.
, Toluca De Lerdo, México",250,2,4,150000
325,325,325," Amazonas
, Toluca De Lerdo, México",330,3,3,200000
326,326,326," Toluca De Lerdo, México",139,2,4,110000
327,327,327,"  Toluca, Sauces Iv, Dentro De Privada
, Toluca De Lerdo, México",106,1,3,49000
328,328,328," Caputitlan Toluca 
, Toluca De Lerdo, México",700,4,4,350000
329,329,329," Capultitlán, Toluca De Lerdo",180,2,3,115000
330,330,330," Sierra Ventana #s/n
, Toluca De Lerdo, México",180,3,3,235000
331,331,331," C. Maria Curie #303
, Toluca De Lerdo, México",240,4,3,230000
332,332,332," Ocho Cedros Toluca Mex
, Toluca De Lerdo, México",313,1,4,180000
333,333,333," Hacienda Del Peñon
, Toluca De Lerdo, México",69,1,2,49500
334,334,334,"  San Antonio Buenavista, Toluca
, Toluca De Lerdo, México",140,2,3,77500
335,335,335," Blvd. Miguel Alemán #1
, Toluca De Lerdo, México",112,3,2,60000
336,336,336," Mariano Matamoros #2009
, Toluca De Lerdo, México",152,2,3,44750
337,337,337," Calle Marie Curie #303
, Toluca De Lerdo, México",192,4,3,197000
338,338,338,"  2 Recamaras Sta Ana Tlapantitlan Toluca Auna Cuadra De Av Torres
, Santa Ana Tlapaltitlán, Toluca De Lerdo",98,1,2,45950
339,339,339," Villas Toscana Iii S/n
, San Mateo Otzacatipan, Toluca De Lerdo",,2,3,119000
340,340,340," San Marcos #0
, Toluca De Lerdo, México",108,2,3,24426.85
341,341,341," San Mateo Oxtotitlán, Toluca De Lerdo",159,1,3,110000
342,342,342," Toluca De Lerdo, México",93,2,4,95000
343,343,343," Insurgentes
, Capultitlán, Toluca De Lerdo",210,2,,90000
344,344,344," Toluca De Lerdo, México",180,2,3,71294.9
345,345,345," Hacienda Del Valle #ii
, Toluca De Lerdo, México",110,2,3,19096.65
346,346,346," Arboleda #2
, Toluca De Lerdo, México",110,2,3,47363.3
347,347,347," Arboleda #2
, Toluca De Lerdo, México",110,2,3,47363.3
348,348,348," Arboleda #2
, Toluca De Lerdo, México",110,2,3,47363.3
349,349,349," Arboleda #2
, Toluca De Lerdo, México",110,2,3,47363.3
350,350,350," Arboledas #2
, Toluca De Lerdo, México",110,2,3,47363.3
351,351,351," Arboleda #2
, Toluca De Lerdo, México",110,2,3,47363.3
352,352,352," Arboleda #2
, Toluca De Lerdo, México",110,2,3,47361.65
353,353,353," Arboleda #2
, Toluca De Lerdo, México",110,2,3,47363.3
354,354,354," Arboledas #2
, Toluca De Lerdo, México",110,2,3,47363.3
355,355,355," Arboleda #2
, Toluca De Lerdo, México",110,2,3,47363.3
356,356,356," . #.
, Toluca De Lerdo, México",132,2,3,95000
357,357,357," Benito Juarez , Niños Heroes
, San Mateo Oxtotitlán, Toluca De Lerdo",126,1,2,72500
358,358,358," Centro, Toluca De Lerdo",380,4,6,675000
359,359,359," Cacalomacan Edo Mex
, Cacalomacan, Toluca De Lerdo",600,3,4,350000
360,360,360," 5 De Mayo Null
, Héroes Del 5 De Mayo, Toluca De Lerdo",,3,3,185000
361,361,361," Alazanes 214
, Toluca De Lerdo, México",,2,3,105000
362,362,362," Dioses Del Olimpo #234
, Toluca De Lerdo, México",72,2,2,62500
363,363,363," Calle Leonardo Da Vinci
, Santa Ana Tlapaltitlán, Toluca De Lerdo",225,1,3,62500
364,364,364," Galileo Galilei #00
, Toluca De Lerdo, México",200,2,3,96500
365,365,365," Frijol, Colonia San Mateo Oxtotitlán, Toluca, Edomex.
, San Mateo Oxtotitlán, Toluca De Lerdo",130,2,3,48750
366,366,366," Casa Nueva En Venta En Residencial Crespa Town, Toluca.
, De La Crespa, Toluca De Lerdo",121,2,3,138971.8
367,367,367," Electricistas Locales, Toluca De Lerdo",120,2,3,87500
368,368,368," Casa En Fraccionamiento Privado El Cual Cuenta Con Primaria Y Jardin De Niños . A 5 Minutos De La Federacion Mexicana De Futbol Y A 10 Minutos Del Aeropuerto De Toluca.
, San Mateo Otzacatipan, Toluca De Lerdo",84,1,3,67500
369,369,369," Capultitlán, Toluca De Lerdo",295,2,4,150000
370,370,370," Gran Reforma 305
, Toluca De Lerdo, México",200,4,3,210750
371,371,371," Azteca, Toluca De Lerdo",197,2,3,100000
372,372,372,"  En Campo Real Ii
, San Pedro Totoltepec, Toluca De Lerdo",170,2,3,135000
373,373,373," Camino A San Miguel
, Toluca De Lerdo, México",220,2,4,109500
374,374,374," Jaime Almazán Delgado 190-212, Delegación San Buenaventura, 50110 Toluca De Lerdo, Méx.
, Toluca De Lerdo, México",180,2,3,115000
375,375,375," Magnifica  Terrazas La Mora, Toluca
, Rancho La Mora, Toluca De Lerdo",230,2,3,95000
376,376,376," Cto De La Laguna #n, Casa B,consvjcbcef14
, Toluca De Lerdo, México",92,2,2,51000
377,377,377," Fuentes De San Jose #nd
, Toluca De Lerdo, México",152,3,3,147500
378,378,378," Vicente Lombardo Toledano #11, 0
, Toluca De Lerdo, México",90,2,3,36300
379,379,379," Independencia 1
, San Mateo Otzacatipan, Toluca De Lerdo",80,1,,61500
380,380,380," Toluca De Lerdo, México",300,3,4,125000
381,381,381," Carmen Serdán #sn
, Toluca De Lerdo, México",295,4,2,650000
382,382,382," San Mateo Oxtotitlán, Toluca De Lerdo",182,3,3,115000
383,383,383," De Los Corredores
, Toluca De Lerdo, México",600,3,3,450000
384,384,384," San Marcos #0
, Toluca De Lerdo, México",220,3,3,27788.7
385,385,385," Prolongación Ramón Corona
, Toluca De Lerdo, México",190,2,3,197500
386,386,386," Toluca De Lerdo, México",256,2,3,197500
387,387,387," Residencial San Jorge #sn
, Toluca De Lerdo, México",284,3,3,175000
388,388,388," Toluca De Lerdo, México",150,3,4,80000
389,389,389," Corredores Null
, Toluca De Lerdo, México",,3,6,249500
390,390,390," Calle Prolongación Paseo Totoltepec 32, Delegación Santa María Totoltepec, Toluc #**
, Toluca De Lerdo, México",172,3,3,100000
391,391,391," Toluca De Lerdo, México",300,2,4,300000
392,392,392," Toluca De Lerdo, México",1150,5,4,375000
393,393,393," Toluca De Lerdo, México",180,1,3,67500
394,394,394," Av Nuevo Mexico #137
, Toluca De Lerdo",131,3,3,77500
395,395,395," Alfredo Del Mazo Null
, San Lorenzo Tepaltitlán Centro, Toluca De Lerdo",,2,3,176250
396,396,396," Villas De Santa Monica
, Toluca De Lerdo, México",99,2,2,55000
397,397,397," Nueva Oxtotitlán #nd
, Toluca De Lerdo, México",414,2,4,120000
398,398,398," San Marcos #0
, Toluca De Lerdo, México",180,3,3,28231.65
399,399,399," Adolfo Lopez Mateos #146
, Toluca De Lerdo, México",120,2,3,61966.1
400,400,400," Adolfo Lopez Mateos #146
, Toluca De Lerdo, México",160,2,3,56150
401,401,401," Toluca De Lerdo, México",100,2,3,69000
402,402,402," Cacalomacan, Toluca De Lerdo",700,5,5,600000
403,403,403," 21 De Marzo
, Toluca De Lerdo, México",980,5,6,514500
404,404,404," Toluca De Lerdo, México",247,3,3,225000
405,405,405," Toluca De Lerdo, México",72,1,2,29950
406,406,406," Toluca De Lerdo, México",72,1,2,29950
407,407,407," Silverio Perez #0
, Toluca De Lerdo, México",107,2,3,32910.6
408,408,408,"  3 Recamaras Residencial Crespa Town Zafiro Toluca
, Toluca De Lerdo, México",127,2,3,144413.1
409,409,409," Av. Idependencia #143
, Toluca De Lerdo, México",120,2,3,19100
410,410,410," Prolongación Independencia
, Toluca De Lerdo, México",128,3,5,63950
411,411,411," Toluca De Lerdo, México",72,1,2,28950
412,412,412,"  En Cacalomacán
, Cacalomacan, Toluca De Lerdo",290,3,3,162500
413,413,413," Miguel Blanco 211
, Héroes Del 5 De Mayo, Toluca De Lerdo",,2,5,157500
414,414,414," Casa En Cacalomacan Null
, Toluca De Lerdo, México",,4,3,350000
415,415,415," Casa Nueva En Venta En Residencial Áurea, Toluca.
, San Mateo Otzacatipan, Toluca De Lerdo",,2,3,99000
416,416,416," Carr Toluca Naucalpan #1702
, Toluca De Lerdo, México",135,3,3,62000
417,417,417," Toluca De Lerdo, México",106,2,3,90000
418,418,418," Calle Prol. Ignacio Lopez Rayon
, Toluca De Lerdo, México",85,1,3,62500
419,419,419," Emiliano Zapata
, Toluca De Lerdo, México",300,3,4,125000
420,420,420," Prolongación Ramón Corona
, Toluca De Lerdo, México",160,2,3,175000
421,421,421," Remate Bancario, Casa, San Lucas, Villa Santin, Toluca, Estado De Mexico
, Toluca De Lerdo",65,1,2,35524.6
422,422,422," Remate Bancario, Casa, Silverio Perez, Paseos Santin, Toluca, Estado De Mexico
, Toluca De Lerdo",90,1,2,27105.65
423,423,423," Remate Bancario, Casa, San Andres Apostol, Villa Santin, Toluca, Estado De Mexico
, Toluca De Lerdo",60,1,2,35524.6
424,424,424," Casa Nueva En Venta En Crespa Town
, De La Crespa, Toluca De Lerdo",121,2,3,139421.05
425,425,425," . #.
, Toluca De Lerdo, México",216,3,3,117500
426,426,426," De Tlanepantla, Toluca De Lerdo",185,2,3,192500
427,427,427," Prolongación Ramón Corona
, Toluca De Lerdo, México",152,2,3,147500
428,428,428," Leona Vicario #000
, Toluca De Lerdo, México",148,2,3,88600
429,429,429," San Jorge #310
, Toluca De Lerdo, México",40,1,2,21469.4
430,430,430," Hacienda Las Carretas #48
, Toluca De Lerdo, México",120,2,3,19096.65
431,431,431," Paseo Cristobal Colon & Luis Donaldo Colosio #511
, Toluca De Lerdo, México",226,3,3,114050
432,432,432," Hacienda Las Carretas #48
, Toluca De Lerdo, México",120,2,3,19096.65
433,433,433," Circuito San José Rinconada De La Casa Grande #00
, Toluca De Lerdo, México",250,2,3,119500
434,434,434," Paseo Matlatzincas Y Nicolas Bravo Toluca Mex
, Toluca De Lerdo, México",703,4,5,900000
435,435,435," Hacienda Zumpango #lt23 Mz17
, Toluca De Lerdo, México",90,2,3,52220
436,436,436," San Felipe Tlalmimilolpan
, Toluca De Lerdo, México",135,2,3,85000
437,437,437," Juan Escutia 105, San Felipe Tlalmimilolpan, 50250 San Felipe Tlalmimilolpan, Méx., México
, Toluca De Lerdo",350,2,4,150000
438,438,438," Granjas, Toluca De Lerdo",342,3,9,210000
439,439,439," Patrón #sn
, Toluca De Lerdo, México",232,4,3,215000
440,440,440," San Mateo Otzacatipan #nd
, Toluca De Lerdo, México",628,3,3,159500
441,441,441," Silverio Perez 201
, Toluca De Lerdo, México",,1,7,83500
442,442,442," Casa Nueva En Venta En Residencial Áurea, Toluca.
, San Mateo Otzacatipan, Toluca De Lerdo",,2,3,93000
443,443,443," Frijol #201
, Toluca De Lerdo, México",124,2,3,61527.55
444,444,444," Rinconada Del Pajar #sn
, Toluca De Lerdo, México",238,4,3,210000
445,445,445," Andador Blanco 6
, Izcalli Toluca, Toluca De Lerdo",,2,3,110000
446,446,446," Avenida Miguel Hidalgo Oriente 1001, Barrio De San Bernardino, Toluca De Lerdo, #**
, Toluca De Lerdo, México",287,3,4,187500
447,447,447," San Mateo Oxtotitlán, Toluca De Lerdo",120,2,3,85000
448,448,448,"  3 Recamaras Residencial Crespa Town Coral Toluca
, Toluca De Lerdo, México",121,2,3,139421.1
449,449,449," Casa En Privada Fracc Rancho Independencia En Toluca
, Santa María Totoltepec, Toluca De Lerdo",144,1,3,100000
450,450,450," Bosques De Colón #nd
, Toluca De Lerdo, México",200,3,3,99500
451,451,451,"  3 Recamaras, La Toscana, San Lorenzo Tepaltitlan, Toluca
, Toluca De Lerdo, México",150,3,3,115000
452,452,452," Miguel Mata #209
, Toluca De Lerdo, México",150,2,3,21780.15
453,453,453," Casa Nueva En Venta En Residencial Áurea, Toluca.
, San Mateo Otzacatipan, Toluca De Lerdo",,2,3,84750
454,454,454," Fraccionamiento Los Pirules, Tlalnepantla
, De Tlanepantla, Toluca De Lerdo",159,2,3,149750
455,455,455," Toluca De Lerdo, México",183,3,3,105000
456,456,456," Venustiano Carranza, San Juan Tilapa, 50290 San Juan Tilapa, Méx., México
, Toluca De Lerdo",300,3,2,110000
457,457,457," Toluca De Lerdo, México",133,3,3,132700
458,458,458," Colon Null
, Toluca De Lerdo, México",,3,3,149000
459,459,459,"  4 Recamaras Ex Hacienda San Jose Toluca Cerca De Aeropuerto
, Toluca De Lerdo, México",446,4,4,325000
460,460,460," Ramón G. Del Villar 109
, Toluca De Lerdo, México",,3,4,325000
461,461,461," Adolfo Lopez Mateos #146
, Toluca De Lerdo, México",160,3,3,45205.5
462,462,462," Toluca De Lerdo, México",878,4,4,600000
463,463,463," Prof. Santiago Velazco #000
, Toluca De Lerdo, México",120,2,3,12341.25
464,464,464," Silverio Perez #131
, Toluca De Lerdo, México",90,2,3,32911.05
465,465,465," San Mateo
, Toluca De Lerdo, México",262,2,2,117500
466,466,466," Fuentes De San José #sn
, Toluca De Lerdo, México",160,3,3,120000
467,467,467," Isabel La Catolica Null
, Doctores, Toluca De Lerdo",,4,8,275000
468,468,468," Silverio Perez #131
, Toluca De Lerdo, México",90,2,3,32910.6
469,469,469," San Jose Obrero #230
, Toluca De Lerdo, México",30,2,2,26150.75
470,470,470," Tierra Y Libertad #114
, Toluca De Lerdo, México",120,2,3,49553.05
471,471,471," Emiliano Zapata #0, 1
, Toluca De Lerdo, México",200,3,3,130000
472,472,472," Toluca De Lerdo, México",50,2,2,26151
473,473,473," Vicente Lombardo Tolentino
, Toluca De Lerdo, México",123,2,3,95000
474,474,474," Toluca De Lerdo, México",321,2,3,247500
475,475,475," San Carlos Borromeo #324
, Toluca De Lerdo, México",230,2,3,17230.05
476,476,476," Rebeca #0
, Toluca De Lerdo, México",120,2,3,127660.75
477,477,477," Paseo Santa Rosa #00
, Toluca De Lerdo, México",102,3,3,74000
478,478,478," Ex Hacienda De Tlalpan #sn
, Toluca De Lerdo, México",185,2,3,115000
479,479,479,"  Cacalomacan
, Cacalomacan, Toluca De Lerdo",450,4,4,325000
480,480,480," Miguel Mata #209
, Toluca De Lerdo, México",140,2,3,21780.15
481,481,481," Martha #s/n
, Toluca De Lerdo, México",140,2,3,140000
482,482,482," Av.hidalgo Pte
, San Bernardino, Toluca De Lerdo",300,2,4,262900
483,483,483," Ocho Cedros, Toluca De Lerdo",630,3,3,329500
484,484,484," Toluca De Lerdo, México",216,3,4,127500
485,485,485," San Lorenzo Tepaltitlán Centro, Toluca De Lerdo",375,5,4,260000
486,486,486," P.º De La Herradura 17, Cacalomacan, 50250 Cacalomacán, Méx.
, Toluca De Lerdo, México",250,2,3,132500
487,487,487," Av. Arboledas
, San Mateo Otzacatipan, Toluca De Lerdo",112,2,3,82500
488,488,488," Lorenzo Garza #113
, Toluca De Lerdo, México",72,2,2,46000
489,489,489," La Merced  (alameda), Toluca De Lerdo",955,4,4,1050000
490,490,490," Miguel Mata #209
, Toluca De Lerdo, México",105,1,3,88650
491,491,491," Av. Vicente Lombardo Toledano #112
, Toluca De Lerdo, México",141,2,3,80000
492,492,492," Tierra Y Libertad #114
, Toluca De Lerdo, México",180,3,3,50803.05
493,493,493," 16 De Septiembre #1000
, Toluca De Lerdo, México",169,2,4,115000
494,494,494,"  Los Sauces V, Toluca
, Toluca De Lerdo, México",66,1,3,55000
495,495,495," Avenida Árboleda #100
, Toluca De Lerdo, México",113,2,3,65000
496,496,496," Toluca De Lerdo, México",160,3,3,71060
497,497,497," Francisco Villa #58
, Toluca De Lerdo, México",157,2,3,135000
498,498,498," Atlacomulco
, Toluca De Lerdo, México",315,2,3,195000
499,499,499," Casa Nueva En Venta 3 Recamaras Residencial Crespa Towm Agata Toluca
, Toluca De Lerdo, México",121,2,2,138971.85
500,500,500," Frijol #201
, Toluca De Lerdo, México",130,3,3,56000
501,501,501," Carretera Toluca-naucalpan #1702
, Toluca De Lerdo, México",133,3,3,67500
502,502,502," Toluca De Lerdo, México",90,2,3,32910.75
503,503,503," Carretera Toluca Naucalpan
, Toluca De Lerdo, México",130,2,3,110000
504,504,504," Fancisco I. Madero
, Toluca De Lerdo, México",240,2,4,37500
505,505,505," Toluca De Lerdo, México",210,3,3,55005.7
506,506,506," Venta Colonia Ciprés. Null
, Ciprés, Toluca De Lerdo",,2,4,220000
507,507,507," Miguel Mata #209
, Toluca De Lerdo, México",240,2,3,21780.15
508,508,508," Isabel La Católica #000
, Toluca De Lerdo, México",248,2,4,53060
509,509,509," Independencia Norte #501, N, Consvsin Posiif13
, San Lorenzo Tepaltitlán Centro, Toluca De Lerdo",160,2,3,102500
510,510,510," Toluca De Lerdo, México",180,5,5,210000
511,511,511," Arbol De Las Manitas #000
, Toluca De Lerdo, México",160,3,4,19520
512,512,512," Avenida Del Trabajo #101
, Toluca De Lerdo, México",90,1,3,72500
513,513,513," San Marcos #219
, Toluca De Lerdo, México",180,3,3,28231.65
514,514,514," Subida De Los Alamos
, Toluca De Lerdo, México",500,2,3,350000
515,515,515," Luis Gonzaga Urbina #100, 0
, Tlacopa, Toluca De Lerdo",120,2,3,142750
516,516,516," Lago Tanganica #321
, Toluca De Lerdo, México",260,2,5,139500
517,517,517," , Los Sauces, Toluca, Edo. De México.
, Toluca De Lerdo",88,1,2,46000
518,518,518," Parque Valle Escondido
, Toluca De Lerdo, México",364,2,3,115000
519,519,519," Emiliano Zapata #sn
, Toluca De Lerdo, México",300,4,3,142500
520,520,520," Naucalpan #00
, Toluca De Lerdo, México",139,4,3,54000
521,521,521," Capultitlán, Toluca De Lerdo",170,1,3,75000
522,522,522," Toluca De Lerdo, México",313,4,3,190000
523,523,523," Toluca De Lerdo, México",230,2,2,17230.25
524,524,524," Fracc Las Misiones
, Toluca De Lerdo, México",99,2,3,80000
525,525,525," Bonita 
, Toluca De Lerdo, México",32,1,1,27500
526,526,526," José María Arteaga #112
, Toluca De Lerdo, México",294,3,3,100000
527,527,527," Paseo De Los Agustinos #sn
, Toluca De Lerdo, México",101,3,3,84500
528,528,528," Toluca De Lerdo, México",113,3,2,69200
529,529,529," Toluca De Lerdo, México",287,2,4,187500
530,530,530," Sierra Ventana #206
, Toluca De Lerdo, México",180,3,3,235000
531,531,531," Rancho Seco #29, 6
, Toluca De Lerdo, México",65,1,3,57500
532,532,532," Roque Gonzalez 3
, Ocho Cedros, Toluca De Lerdo",,2,5,125000
533,533,533,"  Colonia Azteca, Toluca
, Toluca De Lerdo, México",147,2,3,132500
534,534,534," Av. De Los Maestros #12
, Toluca De Lerdo, México",334,3,3,295000
535,535,535," Calzada Cuervos.
, Toluca De Lerdo, México",500,2,3,360000
536,536,536," San Lorenzo Tepaltitlán Centro, Toluca De Lerdo",303,1,3,135000
537,537,537," Toluca De Lerdo, México",295,3,2,650000
538,538,538," Https://maps.app.goo.gl/hzm1axdfcrbvgz2r6
, Toluca De Lerdo, México",222,2,3,190000
539,539,539," Miguel Mata #209
, Toluca De Lerdo, México",150,2,3,21780.15
540,540,540," Toluca De Lerdo, México",120,2,3,93450
541,541,541," Venta Nueva Residencia Capultitlan
, Toluca De Lerdo, México",780,4,4,215000
542,542,542," San Mateo Oxtotitlán, Toluca De Lerdo",365,3,4,175000
543,543,543," Carretera Toluca Naucalpan #1702
, Toluca De Lerdo, México",125,3,2,105500
544,544,544," Col. Villas De Santa Mónica
, Toluca De Lerdo, México",65,2,2,57500
545,545,545," Rincón De San Lorenzo, Toluca De Lerdo",80,1,3,55000
546,546,546," Amazonas 201 Null
, Toluca De Lerdo, México",,3,3,130000
547,547,547," Toluca De Lerdo, México",450,4,4,325000
548,548,548," Mz. 7 Lt. 15 #s/n
, Toluca De Lerdo, México",90,3,3,80000
549,549,549," Villas Toscana S/n
, San Mateo Otzacatipan, Toluca De Lerdo",,2,3,99000
550,550,550,"  En Santa Ana Tepaltitlán, Toluca.
, Santa Ana Tlapaltitlán, Toluca De Lerdo",68,1,2,46000
551,551,551," Del Parque, Toluca De Lerdo",285,2,3,125000
552,552,552," El Seminario Toluca Mex
, Toluca De Lerdo, México",180,1,3,100000
553,553,553," Agronomos #0
, Toluca De Lerdo, México",70,1,2,19842.85
554,554,554," Circuito Luis Portillo Null
, Rancho La Mora, Toluca De Lerdo",,3,4,155000
555,555,555," Gral. José Vicente Villada 124, Delegación Sta Ana Tlapaltitlán, 50160 Toluca De Lerdo, Méx., México
, Toluca De Lerdo",257,2,3,249759.75
556,556,556," José María Pino Suárez, San Jose Guadalupe Huichochitlan, 50200 Santa Cruz Otzacatipan, Méx.
, Toluca De Lerdo, México",250,3,3,175000
557,557,557," República De Honduras 107
, Toluca De Lerdo, México",,4,7,240000
558,558,558," Santa Ana Tlapaltitlán, Toluca De Lerdo",210,2,5,194000
559,559,559," Casa Sola En Venta En San Lorenzo Toluca
, Toluca De Lerdo, México",226,3,6,137500
560,560,560," Agronomos #00
, Toluca De Lerdo, México",115,3,3,20050
561,561,561," Guillermo Marconi #507
, Toluca De Lerdo, México",140,2,3,39950
562,562,562," Paseo Cristobal Colon #511
, Toluca De Lerdo, México",226,3,3,114050
563,563,563," , Sebastian Lerdo De Tejada, Toluca
, Toluca De Lerdo, México",183,1,3,162500
564,564,564," . #.
, Toluca De Lerdo, México",400,4,3,190000
565,565,565," Los Sauces #501, 1
, Los Sauces V, Toluca De Lerdo",120,2,3,29750.25
566,566,566," Fraccionamiento Paseo Arboledas
, Toluca De Lerdo, México",107,2,3,97500
567,567,567," Juan Silveti #137
, Toluca De Lerdo, México",100,2,3,28750
568,568,568," Alheli
, Toluca De Lerdo, México",160,1,3,105000
569,569,569," Valentín Gómez Farías
, San Bernardino, Toluca De Lerdo",210,2,4,173200
570,570,570," Prol Ramón Corona
, Toluca De Lerdo, México",152,2,3,147500
571,571,571," Hacienda De Los Sauces
, Toluca De Lerdo, México",95,1,2,72650
572,572,572," Miguel Mata #209
, Toluca De Lerdo, México",100,2,3,21500
573,573,573," Geologos #000
, Toluca De Lerdo, México",120,2,2,44950
574,574,574," Capultitlán, Toluca De Lerdo",148,1,2,90000
575,575,575," Toluca De Lerdo, México",771,4,6,3050000
576,576,576," Naucalpan #1702
, Toluca De Lerdo, México",139,4,3,54000
577,577,577," Toluca Null
, Héroes Del 5 De Mayo, Toluca De Lerdo",,3,5,162500
578,578,578," Toluca De Lerdo, México",280,2,2,400000
579,579,579," Toluca De Lerdo, México",315,2,4,217500
580,580,580," Toluca De Lerdo, México",471,1,3,700000
581,581,581," Naucalpan #00
, Toluca De Lerdo, México",139,4,3,54000
582,582,582," Cacalomacan, Toluca De Lerdo",151,3,3,125000
583,583,583," Privada Martha Rodriguez
, Toluca De Lerdo, México",155,2,3,95000
584,584,584," Electricistas Locales #sn
, Toluca De Lerdo, México",120,2,3,87500
585,585,585,"  Lomas Altas
, Toluca De Lerdo, México",500,2,3,350000
586,586,586," 5 De Febrero
, Capultitlán, Toluca De Lerdo",500,3,4,275000
587,587,587," Toluca De Lerdo, México",120,2,3,85000
588,588,588," General Antonio Albarran #00
, Toluca De Lerdo, México",176,2,3,46770.9
589,589,589," Privada Fermin Rivera
, Toluca De Lerdo, México",66,1,2,44500
590,590,590," Avenida Arboleda #100, 7
, Toluca De Lerdo, México",130,3,3,112500
591,591,591," Toluca De Lerdo, México",150,2,3,118682.95
592,592,592," Toluca De Lerdo, México",130,3,2,110000
593,593,593," San Mateo Otzacatipan #0
, Toluca De Lerdo, México",127,3,3,92500
594,594,594," Casa Nueva En Venta 3 Recamaras Residencial Victoria Toluca
, Toluca De Lerdo, México",177,2,3,155000
595,595,595," 5 De Mayo, Toluca De Lerdo",320,2,2,372500
596,596,596," Lerma Ote
, Toluca De Lerdo, México",70,2,3,43000
597,597,597," Hacienda Vista Hermosa #sn
, Toluca De Lerdo, México",131,3,3,77500
598,598,598," Toluca De Lerdo, México",800,4,4,610000
599,599,599," Av Dioses Del Olimpo #s/n
, Toluca De Lerdo, México",155,2,3,94500
600,600,600," Paseo De Los Carmelitas #sn
, Toluca De Lerdo, México",101,3,3,87500
601,601,601," Adolfo López Mateos #146
, Toluca De Lerdo, México",160,3,3,45205.5
602,602,602," Prolongación Paseo Totoltepec
, Santa María Totoltepec, Toluca De Lerdo",69,1,,62500
603,603,603,"  En Cacalomacán
, Cacalomacan, Toluca De Lerdo",850,4,4,850000
604,604,604," Toluca De Lerdo, México",600,3,3,250000
605,605,605," Morelia 42
, Toluca De Lerdo, México",124,1,4,80000
606,606,606," Azaleas #0
, Toluca De Lerdo, México",120,2,3,38750
607,607,607," Hortaliza 254, Delegación San Mateo Oxtotitlán, Toluca De Lerdo, Estado De Méxic #**
, Toluca De Lerdo, México",170,3,3,80000
608,608,608," Toluca De Lerdo, México",921,4,3,1350000
609,609,609," Hacienda Del Valle Ii
, Toluca De Lerdo, México",69,1,2,45000
610,610,610," Toluca De Lerdo, México",120,2,3,33350
611,611,611," San Mateo Otzacatipan, Toluca De Lerdo",61,1,2,42500
612,612,612," Casa Sola En Venta, Capultitlán, Toluca
, Toluca De Lerdo, México",263,2,4,145000
613,613,613," Blvd. Lic. Adolfo López Mateos #146, Casa 0
, Toluca De Lerdo, México",147,2,3,45205.5
614,614,614,"  4 Recamaras La Galia Toluca A 5 Min De Plaza Sendero O Aeropuerto
, Hacienda  La Galia, Toluca De Lerdo",,2,3,130000
615,615,615," Venta De Casa En Hacienda Del Valle Ii
, Toluca De Lerdo, México",66,1,3,59000
616,616,616," San Lorenzo Tepaltitlán Centro, Toluca De Lerdo",180,3,3,50362.5
617,617,617," Nueva Oxtotitlán, Toluca De Lerdo",250,1,4,150000
618,618,618," San Pedro Totoltepec, Toluca De Lerdo",228,2,5,70000
619,619,619," Blvd Miguel Alemàn #mz 1 Lt B, 2
, Toluca De Lerdo, México",112,3,2,60000
620,620,620,"  Hacienda Del Valle 2
, Toluca De Lerdo, México",69,1,3,44750
621,621,621," Ex-hacienda De Mayorazgo #0
, Toluca De Lerdo, México",200,2,3,23750
622,622,622," Jesus Reyes Heroles #207
, Toluca De Lerdo, México",130,3,3,49500
623,623,623," Árbol De Las Manitas
, Toluca De Lerdo, México",400,3,4,210000
624,624,624,"  , Hermenegildo Galeana
, Toluca De Lerdo, México",322,2,4,245000
625,625,625," Gomez Farias
, Toluca De Lerdo, México",600,5,6,1050000
626,626,626," Isabel La Católica #00
, Toluca De Lerdo, México",280,2,3,53060
627,627,627,"  Geovillas San Mateo
, San Pedro Totoltepec, Toluca De Lerdo",64,1,2,40000
628,628,628," Privada De Galicia
, Toluca De Lerdo, México",96,2,2,70000
629,629,629," Independencia #00
, Toluca De Lerdo, México",110,1,3,20850
630,630,630," Geovillas De Independencia #nd
, Toluca De Lerdo, México",57,2,2,60000
631,631,631,"  Toluca
, Toluca De Lerdo, México",333,3,3,140000
632,632,632," Toluca De Lerdo, México",140,2,3,35000
633,633,633," Toluca
, Toluca De Lerdo, México",170,3,3,107500
634,634,634," San Marcos #00
, Toluca De Lerdo, México",130,2,4,28231.7
635,635,635," San Buenaventura, Toluca De Lerdo",206,4,3,142500
636,636,636," Abetos 932, Conj U Los Sauces, San José Guadalupe, Estado De México #**
, Toluca De Lerdo",60,1,3,49000
637,637,637," Ocho Cedros #nd
, Toluca De Lerdo, México",654,4,4,300000
638,638,638," Toluca De Lerdo, México",189,2,3,134500
639,639,639," Ejido Santa Cruz Azcapotzaltongo, Toluca De Lerdo",290,3,3,210250
640,640,640," Carretera Toluca Naucalpan #1702
, Toluca De Lerdo, México",218,4,3,68000
641,641,641," Villas Toscana
, San Nicolás Tolentino, Toluca De Lerdo",125,2,3,105000
642,642,642," Calle Laguna Del Volcán 613, El Seminario Primera Sección, Toluca De Lerdo, Esta #**
, Toluca De Lerdo, México",103,2,3,97500
643,643,643," Toluca De Lerdo, México",180,2,3,105000
644,644,644,"  Residencial Las Fuentes Toluca
, Toluca De Lerdo, México",123,2,3,95000
645,645,645," De La Barranca #0
, Tlacopa, Toluca De Lerdo",128,2,3,26076.75
646,646,646,"  Cacalomacan
, Cacalomacan, Toluca De Lerdo",350,3,3,225000
647,647,647," Toluca De Lerdo, México",140,2,3,26851.6
648,648,648," Roberto Fulton
, Toluca De Lerdo, México",200,3,3,167500
649,649,649," Avenida Independencia #143
, Toluca De Lerdo, México",75,1,2,19100
650,650,650," Toluca De Lerdo, México",110,2,2,20900
651,651,651," Jose Marti Null
, Tlacopa, Toluca De Lerdo",,2,3,107500
652,652,652," Toluca Null
, Ocho Cedros, Toluca De Lerdo",,2,5,142500
653,653,653," Av. Independencia #139
, Toluca De Lerdo, México",100,1,3,20850
654,654,654," Toluca De Lerdo, México",100,2,3,64408
655,655,655," Celanese, Toluca De Lerdo",220,2,5,117500
656,656,656," 23 De Septiembre Null
, Toluca De Lerdo, México",,4,5,287500
657,657,657," Toluca De Lerdo, México",110,2,3,31616
658,658,658," . #., .
, Toluca De Lerdo, México",249,5,3,115000
659,659,659," Prol Gral Juan Andrew Almazán
, Toluca De Lerdo, México",400,3,5,190000
660,660,660," San Mateo Oxtotitlán, Toluca De Lerdo",120,1,2,87500
661,661,661," Independencia, Toluca De Lerdo",175,2,3,205000
662,662,662," Hacienda Del Valle Ii, Toluca De Lerdo",82,2,3,53250
663,663,663," Toluca De Lerdo, México",66,3,4,75000
664,664,664," Manuel Sotelo #509, 0
, Morelos 2a Secc, Toluca De Lerdo",262,5,5,219000
665,665,665," María Curie #303
, Toluca De Lerdo, México",245,3,3,215550
666,666,666," Guadalupe #4
, Toluca De Lerdo, México",1500,4,4,1150000
667,667,667," Toluca De Lerdo, México",324,3,7,215000
668,668,668," San Marcos #211
, Toluca De Lerdo, México",95,1,2,27788.7
669,669,669," Toluca De Lerdo, México",120,2,3,61966.1
670,670,670," Al Refugio #sn
, Toluca De Lerdo, México",250,4,4,120000
671,671,671," Toluca De Lerdo, México",140,2,3,48282.4
672,672,672," Boulevard Adolfo Lopez Mateos #146
, Toluca De Lerdo, México",160,2,3,45205.5
673,673,673," Miguel Hidalgo #s/n
, Toluca De Lerdo, México",119,3,3,85000
674,674,674," Pensador Mexicano #00
, San Lorenzo Tepaltitlán Centro, Toluca De Lerdo",180,3,3,91550
675,675,675," Toluca De Lerdo, México",100,2,3,52472
676,676,676," María Curie #303, 00
, Toluca De Lerdo, México",200,3,3,197250
677,677,677,"  San José, Santa Cruz Otzacatipan
, Toluca De Lerdo, México",446,5,4,325000
678,678,678," Paraje Jacques Cousteau
, Toluca De Lerdo, México",400,5,5,225000
679,679,679," Guillermo Marconi #00, 00
, Toluca De Lerdo, México",120,2,3,54375.25
680,680,680," Toluca De Lerdo, México",390,7,6,450000
681,681,681," Carmen Serdan, Colon Toluca Mex
, Toluca De Lerdo, México",280,5,4,400000
682,682,682," San Mateo Otzacatipan, Toluca De Lerdo",99,2,3,80000
683,683,683," Av. Hidalgo Ote
, Toluca De Lerdo, México",112,2,3,99000
684,684,684," Agronomos #0
, Toluca De Lerdo, México",110,1,2,20092.85
685,685,685," Crespa Town Modelo Coral
, De La Crespa, Toluca De Lerdo",,2,3,139421.05
686,686,686," Lago Tanganica 103
, Ocho Cedros, Toluca De Lerdo",,2,5,139500
687,687,687," Antonio Albarran #608
, Toluca De Lerdo, México",150,3,3,112500
688,688,688,"  3 Recamaras Santa Maria Totoltepec Toluca Cerca De Aeropuerto Y Av Tollocan
, Santa María Totoltepec, Toluca De Lerdo",,1,3,100000
689,689,689," Toluca De Lerdo, México",353,2,4,225000
690,690,690," Privada Gomez Del Villar Null
, Toluca De Lerdo, México",,2,3,177500
691,691,691," Fraccionamientos Sauces
, Toluca De Lerdo, México",94,1,2,65000
692,692,692," Hacienda De Cerro Viejo #m29
, Toluca De Lerdo, México",70,1,2,30527.6
693,693,693," Toluca De Lerdo, México",84,2,3,51750
694,694,694," Toluca De Lerdo, México",120,3,4,120000
695,695,695," Venta De Casa Para ,oficina Y Consultorios
, Morelos 1a Sección, Toluca De Lerdo",,2,3,174000
696,696,696," Avenida Independencia #143
, Toluca De Lerdo, México",160,2,3,19100
697,697,697," Convento De San Antonio De Padua #28
, Toluca De Lerdo, México",101,3,3,87500
698,698,698," Toluca De Lerdo, México",126,3,3,105000
699,699,699," Cultural #nd
, Toluca De Lerdo, México",483,3,6,410000
700,700,700," Casa Sola En Metepec
, Toluca De Lerdo, México",170,3,3,110000
701,701,701," Gral Marcelino Garcia Barragán 1001
, El Seminario 3a Sección, Toluca De Lerdo",,1,4,132800
702,702,702," Gral Marcelino Garcia Barragán 1001
, El Seminario 3a Sección, Toluca De Lerdo",,1,4,132800
703,703,703," Casa En Capultitlan
, Toluca De Lerdo, México",205,1,4,82500
704,704,704," Niños Heroes
, Toluca De Lerdo, México",183,2,2,149500
705,705,705," Toluca De Lerdo, México",160,2,3,43635
706,706,706," Cacalomacan, Toluca De Lerdo",386,4,3,160000
707,707,707," Toluca De Lerdo, México",360,3,4,95406.9
708,708,708," Nezahualcóyotl #00
, Toluca De Lerdo, México",280,1,3,51500
709,709,709," Isabel La Catolica #902
, Toluca De Lerdo, México",200,2,3,53060
710,710,710," Toluca De Lerdo, México",230,2,3,17230.05
711,711,711," Bonita Casa Disponible Para Venta En San Felipe Tlalmimilolpan
, Toluca De Lerdo, México",111,2,2,97500
712,712,712," Galeana
, Toluca De Lerdo, México",400,4,5,700000
713,713,713," Alpinismo, San Buenaventura
, Toluca De Lerdo, México",,2,3,105000
714,714,714," Casa Nueva En Venta En Crespa Town, Mod.zafiro
, De La Crespa, Toluca De Lerdo",127,2,3,144413.05
715,715,715,"  En Residencial Colon En Toluca, Estado De Mexico
, Toluca De Lerdo",576,5,5,325000
716,716,716," Independencia, Toluca De Lerdo",210,2,3,249750
717,717,717," Miguel Mata #209
, Toluca De Lerdo, México",136,2,3,21780.15
718,718,718,"  En Hacienda Del Valle Ii, Toluca.
, Toluca De Lerdo, México",116,1,3,65000
719,719,719," Https://goo.gl/maps/jcmathxm2rdagflz7
, Altamirano, Toluca De Lerdo",81,1,2,225000
720,720,720," La Merced  (alameda), Toluca De Lerdo",300,3,6,200000
721,721,721," Https://goo.gl/maps/hozdhrderfzmpjhu9
, San Mateo Oxtotitlán, Toluca De Lerdo",,2,3,110000
722,722,722," Silverio Pérez #00
, Toluca De Lerdo, México",120,1,3,32910.65
723,723,723," Ocho Cedros, Toluca De Lerdo",227,2,4,140000
724,724,724,"  4 Recamaras La Galia Toluca Cerca De Aeropuerto Y Plaza Sendero
, Hacienda  La Galia, Toluca De Lerdo",,2,4,120000
725,725,725," Ciprés, Toluca De Lerdo",594,4,4,600000
726,726,726," Electricistas Locales, Toluca De Lerdo",200,2,3,214500
727,727,727," Benito Juarez Norte 501
, Santa Bárbara, Toluca De Lerdo",,3,8,325000
728,728,728," Miguel Mata #209
, Toluca De Lerdo, México",150,1,2,21780.15
729,729,729," Remate Bancario, Casa, San Marcos, Villa Santin, Toluca, Estado De Mexico
, Toluca De Lerdo",80,1,2,35524.6
730,730,730," Casa Venta Cipres
, Toluca De Lerdo, México",220,2,3,362500
731,731,731," Fraccionamiento Las Misiones Ii, San Pedro Totoltepec, Carr. Toluca-naucalpan 1702, Iii, 50226 Toluca De Lerdo, Méx.
, Toluca De Lerdo, México",101,2,3,90000
732,732,732," Santa Elena #32, 42
, Toluca De Lerdo, México",135,4,3,84000
733,733,733," Independencia, Toluca De Lerdo",175,2,3,185000
734,734,734," Arcadio Henkel #1
, Morelos 1a Sección, Toluca De Lerdo",295,4,4,295000
735,735,735," Casa Nueva En Venta En Residencial Victoria, Toluca.
, Toluca De Lerdo, México",177,2,3,155000
736,736,736," Tenochtitlan #113, 15-a
, Toluca De Lerdo, México",100,2,2,60000
737,737,737," Los Sauces Ii Col. San José Guadalupe, Toluca De Lerdo
, Toluca De Lerdo, México",80,1,2,43500
738,738,738," Instituto Literario
, Toluca De Lerdo, México",550,5,4,500000
739,739,739," Toluca De Lerdo, México",450,2,4,225000
740,740,740," Modelo Roble
, Toluca De Lerdo, México",95,2,3,76905
741,741,741," Privada Hacienda De Metepec Mz25l1-c-b, Conj U Los Sauces Iv, San José Guadalupe #**
, Toluca De Lerdo, México",135,2,3,77500
742,742,742," Villas San Andres
, De La Crespa, Toluca De Lerdo",74,1,2,52500
743,743,743," Jose Vicente Villada #101, 0
, Toluca De Lerdo, México",191,3,3,132500
744,744,744," Geovillas De San Mateo
, Toluca De Lerdo, México",63,1,2,48000
745,745,745," Guillermo Marconi #507
, Toluca De Lerdo, México",120,2,3,54368.9
746,746,746," Lago Tanganica #0
, Toluca De Lerdo, México",190,2,3,78041.6
747,747,747," El Trigo #sn
, Toluca De Lerdo, México",420,5,4,425000
748,748,748," Los Sauces #sn
, Toluca De Lerdo, México",66,1,2,45000
749,749,749," Toluca De Lerdo, México",350,5,5,453500
750,750,750," Oficina En Venta A Una Cuadra De Galerias Toluca
, Toluca De Lerdo, México",225,1,2,52500
751,751,751," Oo #xx
, Toluca De Lerdo, México",126,3,3,187500
752,752,752," Toluca De Lerdo, México",176,2,5,85000
753,753,753," Av. Hidalgo Pte. #000
, Toluca De Lerdo, México",170,3,4,33557.45
754,754,754," Gómez Farías Esq. Isidro Fabela Null
, Vértice, Toluca De Lerdo",,3,4,875000
755,755,755," Ricardo V Garrido 113
, Salvador Sánchez Colín, Toluca De Lerdo",,5,4,197500
756,756,756," Hidalgo
, Toluca De Lerdo, México",120,2,2,85000
757,757,757," Ciprés, Toluca De Lerdo",280,4,3,523000
758,758,758," Tierra Y Libertad #114
, Toluca De Lerdo, México",140,2,2,50803.05
759,759,759," Toluca De Lerdo, México",660,3,5,465000
760,760,760," Barrio Santa Maria #s/n
, Toluca De Lerdo, México",189,3,3,134500
761,761,761," Hacienda Del Rocío #25
, Toluca De Lerdo, México",69,2,2,51500
762,762,762," Ahuehuetes, Toluca De Lerdo",91,1,,85000
763,763,763," Árbol De Las Manitas #00
, Toluca De Lerdo, México",140,3,4,19520
764,764,764," Independencia 104
, De La Crespa, Toluca De Lerdo",,3,4,140000
765,765,765," San Jose Obrero #230
, Toluca De Lerdo, México",107,2,2,26150.75
766,766,766," Niño Artillero Null
, San Mateo Oxtotitlán, Toluca De Lerdo",,2,4,100000
767,767,767," Frac. Paseo Arboleda
, Toluca De Lerdo, México",108,2,3,95000
768,768,768," Venta De Casa Cerca De Cu Null
, Vicente Guerrero, Toluca De Lerdo",,2,3,210000
769,769,769," Vicente Lonbardo Toledano #197
, Toluca De Lerdo, México",121,3,3,138921.05
770,770,770," Independencia, Toluca De Lerdo",175,2,3,160000
771,771,771," Toluca De Lerdo, México",165,2,3,60000
772,772,772," Montes Altai
, Toluca De Lerdo, México",209,2,4,170000
773,773,773," Dioses Del Olimpo #234
, Toluca De Lerdo, México",75,1,2,65000
774,774,774," Juan Aldama
, Toluca De Lerdo, México",790,3,5,725000
775,775,775," Montes Altai #310
, Toluca De Lerdo, México",210,5,4,170000
776,776,776," Agrónomos #101
, Toluca De Lerdo, México",170,1,2,23092.8
777,777,777," Adolfo Lopez Mateos 146 #146
, Toluca De Lerdo, México",125,2,3,45205.5
778,778,778," Toluca De Lerdo, México",160,2,3,45205.5
779,779,779," Ooo #21
, Toluca De Lerdo, México",234,3,3,187500
780,780,780," Toluca De Lerdo, México",180,6,7,177500
781,781,781," Fraccionamiento Independencia Null
, Santa María Totoltepec, Toluca De Lerdo",,1,3,100000
782,782,782," San Pedro Totoltepec, Toluca De Lerdo",130,1,2,80000
783,783,783," Toluca De Lerdo, México",356,2,4,515000
784,784,784,"  Paseos San Martin Toluca
, Toluca De Lerdo, México",40,1,1,23000
785,785,785," Toluca De Lerdo, México",340,3,5,435000
786,786,786," Casa 2 Plantas
, San Pedro Totoltepec, Toluca De Lerdo",109,1,3,61350
787,787,787," Luis Donaldo Colosio
, Toluca De Lerdo, México",247,2,4,175000
788,788,788," Toluca De Lerdo, México",350,2,3,225000
789,789,789," Toluca De Lerdo, México",67,2,2,35500
790,790,790," Heroes Del 5 De Mayo #nd
, Toluca De Lerdo, México",242,4,6,103350
791,791,791," . #.
, Toluca De Lerdo, México",180,5,4,99500
792,792,792," Abeto #77-b
, Toluca De Lerdo, México",90,1,2,38510.9
793,793,793," Carmen Serdán
, Ciprés, Toluca De Lerdo",1230,4,5,2245000
794,794,794," Toluca #606
, Toluca De Lerdo, México",160,2,3,28724
795,795,795," Toluca Null
, Rancho La Mora, Toluca De Lerdo",,3,4,92500
796,796,796," Naucalpan #1702
, Toluca De Lerdo, México",139,4,3,54000
797,797,797," Privada Cedros 115
, Tlacopa, Toluca De Lerdo",,2,3,240000
798,798,798," Toluca De Lerdo, México",215,4,4,157500
799,799,799," San Buenaventura, Toluca De Lerdo",727,5,5,1150000
800,800,800," Toluca De Lerdo, México",141,3,3,75000
801,801,801," Toluca De Lerdo, México",67,2,2,35500
802,802,802," Altamirano 324, Delegación San Mateo Oxtotitlán, 50100 Toluca De Lerdo, Méx.
, San Mateo Oxtotitlán, Toluca De Lerdo",,2,3,115000
803,803,803," Allende #100
, Toluca De Lerdo, México",137,1,2,175000
804,804,804," Jacarandas #37, 2
, Toluca De Lerdo, México",75,1,2,35022.9
805,805,805," San Marcos #0
, Toluca De Lerdo, México",220,3,3,27788.7
806,806,806," Hacienda San Isidro #14
, Toluca De Lerdo, México",84,3,2,57500
807,807,807," Circuito Hacienda Jajalpa
, Toluca De Lerdo, México",65,1,3,37500
808,808,808," Dioses Del Olimpo #234
, Toluca De Lerdo, México",170,3,3,125000
809,809,809," Retorno 8 #1
, Toluca De Lerdo, México",141,3,3,75000
810,810,810," Lago Victoria 712
, Ocho Cedros, Toluca De Lerdo",,3,3,325000
811,811,811," Toluca De Lerdo, México",160,2,3,45205.5
812,812,812," Prolongación Ruta De La Independencia #131
, Toluca De Lerdo, México",110,2,3,16468.25
813,813,813," San Lorenzo Tepaltitlán Centro, Toluca De Lerdo",320,3,6,175000
814,814,814,"  / Renta En Las Flores
, Toluca De Lerdo, México",215,2,3,112500
815,815,815," Coahuila 327
, Santa María De Las Rosas, Toluca De Lerdo",,1,3,80000
816,816,816," Cerrada De Amazonas 118
, Toluca De Lerdo, México",,3,3,175000
817,817,817," Morelos #25
, Toluca De Lerdo, México",960,2,5,300000
818,818,818," Toluca De Lerdo, México",133,3,3,116500.9
819,819,819," San Marcos #0
, Toluca De Lerdo, México",180,3,3,28231.65
820,820,820," Abeto #77
, Toluca De Lerdo, México",90,1,2,38510.9
821,821,821," Metepec #142, A
, Toluca De Lerdo, México",260,3,4,42500
822,822,822," Emiliano Zapata #0, 1
, Toluca De Lerdo, México",200,3,3,130000
823,823,823," Jesús Carranza #449
, Toluca De Lerdo, México",624,3,4,215000
824,824,824," Lago San Ignacio #306
, El Seminario 2a Sección, Toluca De Lerdo",185,2,3,75000
825,825,825," Independencia Null
, Toluca De Lerdo, México",,2,3,120000
826,826,826," General Rafael Charazo 111 Null
, Moderna De La Cruz, Toluca De Lerdo",,2,4,287500
827,827,827," Santa Ana Tlapaltitlán, Toluca
, Santa Ana Tlapaltitlán, Toluca De Lerdo",225,1,3,62500
828,828,828," Fracc Sor Juana Inés De La Cruz, Toluca
, San Pedro Totoltepec, Toluca De Lerdo",265,2,3,130000
829,829,829," Las Hesperides Toluca
, Santa María Totoltepec, Toluca De Lerdo",72,1,2,57500
830,830,830," Toluca De Lerdo, México",193,3,4,90000
831,831,831," Toluca De Lerdo, México",133,3,3,116500
832,832,832," Ocho Cedros, Toluca De Lerdo",260,2,4,139500
833,833,833," Lago Tangañica 411
, Ocho Cedros, Toluca De Lerdo",,2,5,145000
834,834,834," Toluca De Lerdo, México",56,1,2,25082.15
835,835,835," Circuito Hacienda San Isidro #14
, Toluca De Lerdo, México",84,3,3,57500
836,836,836," Miguel Mata #209
, Toluca De Lerdo, México",150,2,3,21780.15
837,837,837," Toluca De Lerdo, México",180,3,3,28231.65
838,838,838,"  En Toluca En El Coporo
, Toluca De Lerdo, México",215,1,5,275000
839,839,839," Gran Lago Del Oso #107
, Isidro Fabela 2a Sección, Toluca De Lerdo",357,4,4,80000
840,840,840," Toluca De Lerdo, México",90,2,3,67500
841,841,841," Pensador Mexicano 408, Delegación San Buenaventura, Toluca De Lerdo, Estado De M #**
, Toluca De Lerdo, México",190,4,3,119000
842,842,842," Toluca De Lerdo, México",150,2,3,118682.95
843,843,843," San Lorenzo Tepaltitlan
, Toluca De Lerdo, México",280,2,4,137500
844,844,844," Toluca De Lerdo, México",177,2,3,175000
845,845,845," Toluca
, Toluca De Lerdo, México",447,1,3,215000
846,846,846," /renta Cipres
, Toluca De Lerdo, México",438,3,4,500000
847,847,847," Toluca De Lerdo, México",63,1,3,64500
848,848,848," Toluca De Lerdo, México",440,2,3,195000
849,849,849," Toluca De Lerdo, México",73,2,3,38250
850,850,850," Casa De Campo En Zona Tranquila Con Horno De Piedra En San Nicolas Peralta
, Toluca De Lerdo, México",,1,3,60000
851,851,851," Toluca De Lerdo, México",300,2,3,49417.75
852,852,852," Paseo San Cristobal Colón #511
, Toluca De Lerdo, México",204,3,3,132500
853,853,853," Geólogos #120
, Toluca De Lerdo, México",120,2,2,35000
854,854,854," Toluca De Lerdo, México",220,3,3,27788.7
855,855,855," Insurgentes
, Toluca De Lerdo, México",200,4,3,124000
856,856,856," Sierra Ventana #206
, Toluca De Lerdo, México",180,3,3,235000
857,857,857,"  Paseo San Martín Calle Ocoyoacac
, Toluca De Lerdo, México",36,1,1,23000
858,858,858,"  En Capultitlan Toluca
, Toluca De Lerdo, México",324,2,7,215000
859,859,859," Diodoro Ortega 300
, Rancho La Mora, Toluca De Lerdo",,2,3,100000
860,860,860," Toluca De Lerdo, México",160,1,3,43635
861,861,861," Toluca De Lerdo, México",360,3,4,95406.9
862,862,862," Toluca De Lerdo, México",88,2,3,67500
863,863,863," Geo Villas Los Cedros
, Toluca De Lerdo, México",56,1,2,25082.15
864,864,864," Independencia #143, 34
, Toluca De Lerdo, México",95,2,3,70000
865,865,865," Crisantemo #640
, Toluca De Lerdo, México",215,2,3,112500
866,866,866," La Teresona, Toluca De Lerdo",286,3,3,85000
867,867,867," Tierra Y Libertad #114
, Toluca De Lerdo, México",120,1,3,50803.05
868,868,868," Azteca, Toluca De Lerdo",150,1,3,105000
869,869,869,"  3 Recamaras Aun Costado De Gm Toluca A 3 Minutos De Unitec
, Santa Ana Tlapaltitlán, Toluca De Lerdo",,1,3,62500
870,870,870," Av. Juárez Norte 539
, Centro, Toluca De Lerdo",,1,3,190000
871,871,871," Toluca De Lerdo, México",61,2,3,65000
872,872,872," Arcadio Henkel 1011
, Ocho Cedros, Toluca De Lerdo",,3,3,175000
873,873,873," Toluca De Lerdo, México",72,2,3,38250
874,874,874,"  Sor Juana, La Galia
, Toluca De Lerdo, México",250,2,4,120000
875,875,875," Cipres 304
, Ciprés, Toluca De Lerdo",,3,3,405000
876,876,876," Sector Popular, Toluca De Lerdo",265,2,4,130000
877,877,877," Ceboruco #1
, Toluca De Lerdo, México",11111,2,2,77500
878,878,878," Venustiano Carranza #22, 21
, Toluca De Lerdo, México",170,4,3,80000
879,879,879," Capultitlán, Toluca De Lerdo",285,3,4,105000
880,880,880," Arcadio Henkel 1001
, Ocho Cedros, Toluca De Lerdo",,3,3,175000
881,881,881," Toluca De Lerdo, México",90,2,3,32910.6
882,882,882," Fuente De Los Deseos #26
, Toluca De Lerdo, México",187,3,3,127500
883,883,883," Toluca De Lerdo, México",353,2,4,237500
884,884,884," Fuente De Los Deseos #27
, Toluca De Lerdo, México",187,3,3,127500
885,885,885," Juan De La Barrera Null
, Toluca De Lerdo, México",,3,4,175000
886,886,886," Sauces Null
, Los Sauces V, Toluca De Lerdo",,1,2,43500
887,887,887," La Vesana #266
, Toluca De Lerdo, México",84,2,2,69500
888,888,888," Toluca De Lerdo, México",170,2,,124000
889,889,889," Capultitlán, Toluca De Lerdo",,3,3,99950
890,890,890," Fuentes Null
, San Mateo Otzacatipan, Toluca De Lerdo",,2,3,97500
891,891,891," Niños Heroes 211
, San Mateo Otzacatipan, Toluca De Lerdo",,1,3,97500
892,892,892," Crisantemos #640
, Toluca De Lerdo, México",215,3,3,112500
893,893,893," Paseo De La Asunción
, Toluca De Lerdo, México",,1,3,46500
894,894,894," Toluca De Lerdo, México",,3,3,2400000
895,895,895," Nezahualcoyotl #000
, Toluca De Lerdo, México",350,3,4,51500
896,896,896," Toluca De Lerdo, México",165,2,3,102500
897,897,897," Azaleas #818
, Toluca De Lerdo, México",100,1,3,27987.65
898,898,898,"  Ubicada En Hacienda Del Valle Ii
, Toluca De Lerdo, México",69,1,3,51500
899,899,899," Heroes Primera Seccion
, Toluca De Lerdo, México",60,1,2,40000
900,900,900," Toluca De Lerdo, México",200,1,3,260000
901,901,901," Toluca De Lerdo, México",369,2,4,315000
902,902,902," Nicolás Bravo Norte #429
, Toluca De Lerdo, México",215,2,5,275000
903,903,903," Al Refugio Sn
, Toluca De Lerdo, México",,3,4,120000
904,904,904," Ciprés, Toluca De Lerdo",576,4,5,325000
905,905,905," Adolfo Lopez Mateos #146
, Toluca De Lerdo, México",100,2,3,41500
906,906,906,"  3 Recamaras Hacienda Del Valle Toluca Cerca De Parque Toluca
, Toluca De Lerdo, México",,2,3,65000
907,907,907," Cristobal Olmedo #134
, Toluca De Lerdo, México",144,1,3,28642.9
908,908,908," Venta De Casa En Toluca, Col Santa Clara
, Toluca De Lerdo, México",385,5,7,225000
909,909,909," Paseo Arboleda Null
, Toluca De Lerdo, México",,2,3,90000
910,910,910," , Residencial Crespa Town Toluca.
, De La Crespa, Toluca De Lerdo",,2,2,138971.8
911,911,911," Toluca De Lerdo, México",650,4,3,860000
912,912,912,"  En Los Heroes Iii
, Toluca De Lerdo, México",119,2,4,55000
913,913,913," San Mateo Otzacatipan, Toluca De Lerdo",225,3,3,202500
914,914,914," Carretera México-toluca
, Toluca De Lerdo",425,3,3,795000
915,915,915," 5 De Mayo 30
, San Lorenzo Tepaltitlán Centro, Toluca De Lerdo",,1,4,100000
916,916,916," Toluca De Lerdo, México",148,2,3,88600
917,917,917," Hhh 100
, Toluca De Lerdo, México",,3,4,140000
918,918,918," Toluca De Lerdo, México",290,4,4,225000
919,919,919," Bonita  Cerca Del Parque Sierra Morelos , Toluca
, Toluca De Lerdo, México",240,3,4,120000
920,920,920," Toluca De Lerdo, México",60,1,2,20850
921,921,921," Azteca, Toluca De Lerdo",106,1,3,90000
922,922,922," Toluca De Lerdo, México",188,3,3,122500
923,923,923," Toluca De Lerdo, México",160,2,3,155000
924,924,924," Frac Paseos Del Valle #11, 0
, Toluca De Lerdo, México",120,2,3,41390.35
925,925,925,"  2 Recamaras Los Heroes 1 En Toluca
, Toluca De Lerdo, México",60,1,2,39500
926,926,926," Roberto Fulton 185
, Toluca De Lerdo, México",,3,3,165000
927,927,927," Nezahualcoyotl #00
, Toluca De Lerdo, México",260,2,4,51500
928,928,928," Av. Miguel Hidalgo Null
, Centro, Toluca De Lerdo",,3,4,1150000
929,929,929," 21 De Marzo #s/n
, Toluca De Lerdo, México",250,2,4,100000
930,930,930," Antonio Garibaldy
, Toluca De Lerdo, México",66,1,4,55000
931,931,931," Las Misiones Null
, Toluca De Lerdo, México",,2,3,75000
932,932,932," Remanente Ii #12
, Toluca De Lerdo, México",160,2,3,60000
933,933,933," Toluca De Lerdo, México",372,3,4,180000
934,934,934," Toluca De Lerdo, México",110,3,3,70575
935,935,935," Apatzingan 507
, Toluca De Lerdo, México",,2,4,105000
936,936,936," Campo Real Ii #23
, Toluca De Lerdo, México",170,3,3,120000
937,937,937," Jesus Solorzano #126 A
, Toluca De Lerdo, México",80,2,3,46000
938,938,938," Nueva Oxtotitlán, Toluca De Lerdo",129,1,3,85000
939,939,939," Toluca De Lerdo, México",65,1,3,42750
940,940,940," Gómez Farías Esq Isidro Fabela #sn
, Toluca De Lerdo, México",160,4,4,875000
941,941,941," Camino A San Felipe #1234
, Toluca De Lerdo, México",120,3,3,115000
942,942,942," Juan Silveti, Villas Santin
, Toluca De Lerdo, México",120,2,3,60000
943,943,943," Toluca De Lerdo, México",950,5,4,445000
944,944,944," Privada Martha Rodríguez #5
, Toluca De Lerdo, México",155,2,2,95000
945,945,945," San Buenaventura, Toluca De Lerdo",350,3,4,500000
946,946,946," Privada Fuente De La Luz 117
, Toluca De Lerdo, México",130,1,,69750
947,947,947," Reforma
, Toluca De Lerdo, México",,2,2,47500
948,948,948,"  En Fracc. Paseos San Martin, Toluca.
, Toluca De Lerdo, México",45,1,1,23000
949,949,949," Las Misiones Null
, Toluca De Lerdo, México",,2,3,80000
950,950,950," Toluca De Lerdo, México",249,2,3,95000
951,951,951," Camino A San Juan Tilapa #137, 0
, Toluca De Lerdo, México",124,3,3,93575
952,952,952," De Tlanepantla, Toluca De Lerdo",175,2,5,180000
953,953,953," Circuito Principal #1234
, Toluca De Lerdo, México",105,3,3,95000
954,954,954," Amazonas Null
, Toluca De Lerdo, México",,2,4,90000
955,955,955," Ambrosia
, Toluca De Lerdo, México",,1,3,50000
956,956,956," Doctor Alonso Garcia #35
, Toluca De Lerdo, México",200,2,4,70000
957,957,957," Arbol De Las Manitas #0
, Toluca De Lerdo, México",140,2,3,19520.05
958,958,958," Toluca De Lerdo, México",154,3,3,107500
959,959,959," Toluca De Lerdo, México",226,3,3,149000
960,960,960," Toluca De Lerdo, México",111,2,2,62500
961,961,961," San Jorge, Santin
, Toluca De Lerdo, México",150,2,3,80000
962,962,962," Miguel Hidalgo #00
, Toluca De Lerdo, México",163,3,3,67500
963,963,963," Emiliano Zapata Null
, Toluca De Lerdo, México",,3,3,142500
964,964,964," Marie Curie #303
, Toluca De Lerdo, México",192,2,3,175100
965,965,965," Aretusa #227
, Toluca De Lerdo, México",80,2,2,43000
966,966,966," Convento De León #28
, Toluca De Lerdo, México",101,3,3,75000
967,967,967," Toluca De Lerdo, México",528,5,6,1200000
968,968,968," Gran Morada #nd
, Toluca De Lerdo, México",182,3,3,224500
969,969,969," Jose Vicente Villada #00
, Toluca De Lerdo, México",273,2,4,140300
970,970,970," José María Artega #00
, Toluca De Lerdo, México",294,3,4,121000
971,971,971," Privada Del Rey #5
, Toluca De Lerdo, México",170,3,3,105000
972,972,972," Ex-hacienda San Jorge, Toluca De Lerdo",108,2,3,115000
973,973,973," Vicente Yañez Punzon #202
, Toluca De Lerdo, México",264,4,3,275000
974,974,974," Toluca De Lerdo, México",136,2,3,125000
975,975,975," Cuervos 219
, Toluca De Lerdo, México",,4,3,1300000
976,976,976," Leona Vicario #11
, Toluca De Lerdo, México",254,3,3,162500
977,977,977," Laguna De Tixtla Null
, Vicente Guerrero, Toluca De Lerdo",,5,8,325000
978,978,978," Altamirano 16
, San Mateo Oxtotitlán, Toluca De Lerdo",480,4,,173500
979,979,979," Calle Puerto Angel 4, Delegación San Lorenzo Tepaltitlán Ii, Delegación San Lore #4
, Toluca De Lerdo, México",150,2,3,80000
980,980,980," Morelos 1a Sección, Toluca De Lerdo",178,3,4,147500
981,981,981," San Lorenzo Tepaltitlán Centro, Toluca De Lerdo",158,2,3,80000
982,982,982," Bosques De Cantabria #nd
, Toluca De Lerdo, México",230,6,4,127500
983,983,983," Prolongacion 5 De Mayo #1541
, Toluca De Lerdo, México",130,3,3,236840.45
984,984,984," Toluca De Lerdo, México",300,3,3,49417.75
985,985,985," San Lorenzo Tepaltitlan Toluca Edo Mex
, Toluca De Lerdo, México",105,2,,42500
986,986,986," Toluca De Lerdo, México",90,1,2,74934.4
987,987,987," Prof Santiago Velasco #0, 0
, Toluca De Lerdo, México",160,2,3,12341.25
988,988,988," Sor Juanaa Ines
, Toluca De Lerdo, México",380,1,5,285000
989,989,989," Fresnos Null
, Bosques De Cantabria, Toluca De Lerdo",,2,3,67500
990,990,990," Jose Maria Arteaga #00
, Toluca De Lerdo, México",294,3,4,121000
991,991,991," Av. Sebastian Lerdo De Tejada Null
, Toluca De Lerdo, México",,2,2,110000
992,992,992," Toluca De Lerdo, México",62,1,2,43750
993,993,993," Privada Ricardo Charvel S/n
, San Mateo Oxtotitlán, Toluca De Lerdo",,3,4,130000
994,994,994," Dora #106
, Toluca De Lerdo, México",270,2,4,73608.3
995,995,995," Https://goo.gl/maps/vtwk2nbjv2scfcue6
, Toluca De Lerdo, México",300,4,6,157500
996,996,996," Pensador Mexicano #00
, San Lorenzo Tepaltitlán Centro, Toluca De Lerdo",180,2,3,91550
997,997,997," Jose Maria Coos Null
, Toluca De Lerdo, México",,1,3,140000
998,998,998," Isabel La Catolica #00
, Toluca De Lerdo, México",220,3,4,53050
999,999,999," Paloma Torcaza #38
, Toluca De Lerdo, México",60,1,2,19208
1000,1000,1000," Santa Ana Tlapaltitlán, Toluca De Lerdo",183,3,4,325000
1001,1001,1001," Benito Juárez, Toluca De Lerdo",580,3,3,325000
1002,1002,1002," Toluca De Lerdo, México",95,2,2,72650
1003,1003,1003," Av Sta Elena 118h, Rincón De San Lorenzo, 50017 Toluca De Lerdo, Méx.
, Toluca De Lerdo, México",,1,2,49000
1004,1004,1004," Toluca De Lerdo, México",122,3,4,124900
1005,1005,1005,"  O Renta Toluca
, Toluca De Lerdo, México",492,3,3,625000
1006,1006,1006," Campo Real Ii 23
, Santa María Totoltepec, Toluca De Lerdo",,2,3,120000
1007,1007,1007," Hermosa  De 1 Planta En Toluca, A Unas Cuadras Del Centro
, Toluca De Lerdo, México",450,4,3,700000
1008,1008,1008," Toluca De Lerdo, México",62,1,3,75000
1009,1009,1009," Toluca De Lerdo, México",300,3,5,99500
1010,1010,1010," Centenario
, Toluca De Lerdo, México",100,2,2,90000
1011,1011,1011," Casa Sola En Venta En Cacalomacan Edo Mex
, Cacalomacan, Toluca De Lerdo",,4,4,375000
1012,1012,1012," Toluca De Lerdo, México",,2,3,375000
1013,1013,1013," Toluca De Lerdo, México",65,1,2,42000
1014,1014,1014," Manuel M.dieguez #00
, Toluca De Lerdo, México",160,3,4,23950
1015,1015,1015," Toluca De Lerdo, México",180,2,3,150000
1016,1016,1016," Toluca De Lerdo, México",67,1,2,41000
1017,1017,1017," Casa/oficinas En Renta -venta Col. Sector Popular
, Toluca De Lerdo, México",449,2,4,162500
1018,1018,1018," Lago San Ignacio 306
, El Seminario 2a Sección, Toluca De Lerdo",,1,3,75000
1019,1019,1019," Manuel Sotelo 323
, Toluca De Lerdo, México",233,3,,194750
1020,1020,1020," Andrés Benavides
, Ciprés, Toluca De Lerdo",,4,4,237500
1021,1021,1021," San Mateo Otzacatipan, Toluca De Lerdo",111,1,3,132500
1022,1022,1022," Toluca De Lerdo, México",878,7,4,600000
1023,1023,1023," Toluca De Lerdo, México",144,4,1,150000
1024,1024,1024," Toluca De Lerdo, México",209,6,4,170000
1025,1025,1025," Rebeca #00
, Toluca De Lerdo, México",150,1,3,53000
1026,1026,1026," Toluca Null
, Toluca De Lerdo, México",,4,4,475000
1027,1027,1027," San Buenaventura, Toluca De Lerdo",175,1,2,135000
1028,1028,1028," Nezahualcoyotl #00
, Toluca De Lerdo, México",200,3,4,51500
1029,1029,1029," Toluca De Lerdo, México",233,3,3,187500
1030,1030,1030," Toluca De Lerdo, México",233,3,3,187500
1031,1031,1031," Galileo Galilei #00
, Toluca De Lerdo, México",200,3,3,96500
1032,1032,1032," San Mateo Oxtotitlán, Toluca De Lerdo",220,2,3,125000
1033,1033,1033," Tomas Alva Edison #00
, Toluca De Lerdo, México",318,2,3,115545
1034,1034,1034," Tomas Alva Edison #00
, Toluca De Lerdo, México",318,2,3,115545
1035,1035,1035," Galileo Galilei #00
, Toluca De Lerdo, México",200,2,3,96500
1036,1036,1036," Vicente Yáñez Punzón Null
, Ciprés, Toluca De Lerdo",,1,3,275000
1037,1037,1037," Miguel Hidalgo Null
, Toluca De Lerdo, México",,3,2,95000
1038,1038,1038," Toluca De Lerdo, México",300,2,4,145000
1039,1039,1039," Toluca De Lerdo, México",140,2,3,82500
1040,1040,1040," Arce #233
, Toluca De Lerdo, México",123,3,3,60000
1041,1041,1041," Noe Pérez 1
, Toluca De Lerdo, México",,2,3,295000
1042,1042,1042," Toluca De Lerdo, México",185,3,4,112500
1043,1043,1043," Totoltepec Null
, Toluca De Lerdo, México",,4,4,336000
1044,1044,1044," Fernando Quiroz S/n
, Federal (adolfo López Mateos), Toluca De Lerdo",,2,4,375000
1045,1045,1045," Toluca De Lerdo, México",287,2,4,187500
1046,1046,1046," Miguel Mata #209
, Toluca De Lerdo, México",80,1,3,21780.15
1047,1047,1047," Toluca De Lerdo, México",85,1,2,67500
1048,1048,1048," 23 De Septiembre #311
, Toluca De Lerdo, México",500,5,4,297500
1049,1049,1049," Dora #00
, Toluca De Lerdo, México",340,2,4,73608.3
1050,1050,1050," Toluca De Lerdo, México",134,1,3,92500
1051,1051,1051," Toluca De Lerdo, México",200,3,3,117500
1052,1052,1052," Calle Tomas Alva Edison No Al 200
, Toluca De Lerdo, México",100,3,3,
1053,1053,1053," Toluca De Lerdo, México",233,3,3,187500
1054,1054,1054," Bonita  Entre Av Blvd Aeropuerto Y Tollocan
, Toluca De Lerdo, México",180,1,2,82500
1055,1055,1055," Toluca De Lerdo, México",233,3,3,187500
1056,1056,1056," Toluca De Lerdo, México",233,3,3,187500
1057,1057,1057," Dora #00
, Toluca De Lerdo, México",300,4,5,73608.3
1058,1058,1058," Coahuila 111
, Santa María De Las Rosas, Toluca De Lerdo",,1,4,87500
1059,1059,1059,"  2 Recamaras Las Palomas Toluca A 15 Minutos De Galerias Metepec
, Toluca De Lerdo, México",,1,2,55000
1060,1060,1060," Manuel M. Dieguez #00
, Toluca De Lerdo, México",180,3,4,23950
1061,1061,1061," Privada Santa Rita #17 B
, Toluca De Lerdo, México",62,2,2,37500
1062,1062,1062," Toluca De Lerdo, México",850,3,4,900000
1063,1063,1063," Doroteo Arango #119
, Toluca De Lerdo, México",180,3,3,104000
1064,1064,1064," Toluca De Lerdo, México",280,3,4,23950
1065,1065,1065," Benito Juárez 2011
, Toluca De Lerdo, México",,2,3,125000
1066,1066,1066," Esmeralda 4
, Toluca De Lerdo, México",,2,4,145000
1067,1067,1067," Isabel La Católica #000
, Toluca De Lerdo, México",200,2,3,53060
1068,1068,1068," Toluca De Lerdo, México",233,3,3,187500
1069,1069,1069," Toluca De Lerdo, México",233,3,3,187500
1070,1070,1070," Toluca De Lerdo, México",233,3,3,187500
1071,1071,1071," Toluca De Lerdo, México",233,3,3,187500
1072,1072,1072," Isabel La Catolica #0
, Toluca De Lerdo, México",248,2,4,53060
1073,1073,1073," Toluca De Lerdo, México",130,3,3,100000
1074,1074,1074," Toluca De Lerdo, México",66,2,3,55250
1075,1075,1075," Natalia Carrasco #000
, Toluca De Lerdo, México",250,3,4,200785.85
1076,1076,1076," Paseo Cristobal Colon #**
, Toluca De Lerdo, México",576,5,4,325000
1077,1077,1077," Remate Bancario, Casa, San Jose, Villas Santin, Toluca, Estado De Mexico
, Toluca De Lerdo",110,1,2,35500
1078,1078,1078," Misiones Ii Null
, Toluca De Lerdo, México",,2,3,75000
1079,1079,1079," Villas Toscana Null
, Toluca De Lerdo, México",,2,2,105000
1080,1080,1080," San Miguel Apinahuizco, Toluca De Lerdo",212,2,3,90000
1081,1081,1081," Toluca De Lerdo, México",76,1,2,68500
1082,1082,1082," Toluca De Lerdo, México",84,1,3,69500
1083,1083,1083," Adolfo Lopez Mateos #146
, Toluca De Lerdo, México",150,1,2,41500
1084,1084,1084," Santa Ana Tlapaltitlán, Toluca De Lerdo",128,1,2,195000
1085,1085,1085," Toluca #606
, Toluca De Lerdo, México",130,2,3,28724
1086,1086,1086," Miguel Mata #209
, Toluca De Lerdo, México",136,2,3,21780.15
1087,1087,1087," Lerma #216
, Toluca De Lerdo, México",90,2,2,32500
1088,1088,1088," Toluca De Lerdo, México",200,1,4,115000
1089,1089,1089," Toluca De Lerdo, México",91,2,3,78000
1090,1090,1090," Miguel Hidalgo S/n
, San Mateo Otzacatipan, Toluca De Lerdo",,2,3,79000
1091,1091,1091," Av. Encinos 102, Conj U Los Sauces, 50200 Toluca De Lerdo, Méx.
, Toluca De Lerdo, México",,1,2,55000
1092,1092,1092," Toluca De Lerdo, México",200,2,3,125000
1093,1093,1093," José Martín #114
, Toluca De Lerdo, México",285,3,3,240000
1094,1094,1094," Marie Cuerie #303
, Toluca De Lerdo, México",195,4,3,205000
1095,1095,1095," Marie Curie #303
, Toluca De Lerdo, México",195,4,3,200000
1096,1096,1096," Ramon Corona Null
, Toluca De Lerdo, México",,2,3,175000
1097,1097,1097," Ramon Corona 707
, Toluca De Lerdo, México",,2,3,197500
1098,1098,1098," Toluca De Lerdo, México",122,2,2,62500
1099,1099,1099," Toluca De Lerdo, México",429,3,3,400000
1100,1100,1100," Toluca-naucalpan #146
, Toluca De Lerdo, México",110,3,3,92500
1101,1101,1101," Toluca De Lerdo, México",100,2,3,93450
1102,1102,1102," Independencia #305
, Toluca De Lerdo, México",80,2,2,45000
1103,1103,1103," Montes Himalaya 1
, Toluca De Lerdo, México",,2,3,225000
1104,1104,1104," Toluca De Lerdo, México",112,1,2,60000
1105,1105,1105," Ciprés, Toluca De Lerdo",400,1,3,490000
1106,1106,1106," Evaristo Jiménez 16
, Toluca De Lerdo, México",,1,2,51000
1107,1107,1107," Pinosuarez
, Zopilocalco Norte, Toluca De Lerdo",393,,,147350
1108,1108,1108," Barbabosa, Toluca, Estado De México
, Toluca De Lerdo",,1,2,350000
1109,1109,1109," Rancho La Mora Null
, Rancho La Mora, Toluca De Lerdo",,1,2,60000
1110,1110,1110," Retorno #8
, Toluca De Lerdo, México",141,3,3,83750
1111,1111,1111," Coyotzin 120
, Toluca De Lerdo, México",,2,4,175000
1112,1112,1112," Toluca De Lerdo, México",67,1,2,46000
1113,1113,1113," Puebla #000
, Toluca De Lerdo, México",130,3,3,117700
1114,1114,1114," Toluca De Lerdo, México",192,2,3,90165.3
1115,1115,1115," C. Prolongacion Zapotecas Lb, Unión, 50040 Toluca De Lerdo, Méx.
, Toluca De Lerdo, México",124,2,3,110000
1116,1116,1116," Paseo Cristobal Colón #511
, Toluca De Lerdo, México",204,3,3,132500
1117,1117,1117," Tomas Alva Edison #00
, Toluca De Lerdo, México",318,2,3,115545
1118,1118,1118," Toluca De Lerdo, México",238,3,4,175000
1119,1119,1119," Felipe Berriozabal #00
, Toluca De Lerdo, México",342,3,4,139880
1120,1120,1120," Lago Victoria Null
, Ocho Cedros, Toluca De Lerdo",,3,3,325000
1121,1121,1121," Santa María Totoltepec, Toluca De Lerdo",126,1,3,59000
1122,1122,1122," Leyes De Reforma Null
, Toluca De Lerdo, México",,3,5,212500
1123,1123,1123," Sierra Ventana #000
, Toluca De Lerdo, México",180,3,3,241450
1124,1124,1124," Toluca De Lerdo, México",148,2,3,125000
1125,1125,1125,"  Bosque De Las Fuentes Modelo Montecarlo
, Toluca De Lerdo, México",,3,3,220000
1126,1126,1126," Toluca De Lerdo, México",130,3,3,67500
1127,1127,1127," Toluca De Lerdo, México",260,3,3,175000
1128,1128,1128," Paseo Cristobal Colon #000
, Toluca De Lerdo, México",204,3,3,139525
1129,1129,1129," Roberto Fulton #113
, Toluca De Lerdo, México",200,5,3,160000
1130,1130,1130," Toluca De Lerdo, México",348,4,3,340000
1131,1131,1131," Fuente De Diana 12
, Toluca De Lerdo, México",,2,3,125000
1132,1132,1132," Cerrada De Colón 306
, Toluca De Lerdo, México",,7,8,400000
1133,1133,1133," Martha S/n
, Toluca De Lerdo, México",,2,3,140000
1134,1134,1134," Toluca De Lerdo, México",350,3,4,130000
1135,1135,1135," José María Arteaga #112
, Toluca De Lerdo, México",294,3,3,100000
1136,1136,1136," Av Independencia #143, 0
, Toluca De Lerdo, México",70,2,2,20850
1137,1137,1137," Toluca De Lerdo, México",120,2,2,44950
1138,1138,1138," Santa Cruz Otzacatipan, Toluca
, Toluca De Lerdo, México",446,3,4,325000
1139,1139,1139," Toluca
, Toluca De Lerdo, México",250,2,4,120000
1140,1140,1140," Tierra Y Libertad #114
, Toluca De Lerdo, México",190,2,3,50803.05
1141,1141,1141,"  Sauces Iv Con Terreno Excedente En Esquina
, Toluca De Lerdo, México",74,1,3,
1142,1142,1142,"  En Paseos Santín Ii, Toluca.
, Toluca De Lerdo, México",60,3,3,40000
1143,1143,1143," Geovillas #1
, Toluca De Lerdo, México",117,1,2,43500
1144,1144,1144," , Colonia 8 Cedros, Toluca, Estado De México
, Toluca De Lerdo",,1,3,90000
1145,1145,1145," Miguel Hidalgo #211
, Toluca De Lerdo, México",163,3,3,67500
1146,1146,1146," Jesus Carranza #000
, Toluca De Lerdo, México",624,3,4,222050
1147,1147,1147," Las Torres 1100
, El Seminario 3a Sección, Toluca De Lerdo",,6,10,375000
1148,1148,1148,"  4 Recamaras En Sauces 1
, Toluca De Lerdo, México",,2,4,80000
1149,1149,1149,"  Sor Juana Inés De La Cruz
, Toluca De Lerdo, México",,2,3,130000
1150,1150,1150," Martha Rodriguez #2, 2
, Toluca De Lerdo, México",300,3,3,142500
1151,1151,1151," Clemente Orozco 131
, Los Ángeles, Toluca De Lerdo",,1,1,90000
1152,1152,1152," Toluca De Lerdo, México",62,1,2,47450
1153,1153,1153," Toluca De Lerdo, México",324,2,4,115000
1154,1154,1154," Toluca De Lerdo, México",208,1,4,70000
1155,1155,1155," San Francisco 54-a
, Toluca De Lerdo, México",,1,1,21000
1156,1156,1156," Escuela En Venta, Atrás Del Calvario Toluca.
, Toluca De Lerdo, México",1469,4,14,1100000
1157,1157,1157," Venta Colonia Seminario Null
, Toluca De Lerdo, México",,2,3,115000
1158,1158,1158," Toluca De Lerdo, México",60,1,2,60000
1159,1159,1159," Calle De Los Corredores Sn
, Toluca De Lerdo, México",,3,3,400000
1160,1160,1160," San Mateo Otzacatipan, Toluca De Lerdo",100,3,3,95000
1161,1161,1161," Av. De Las Partidas #125
, Toluca De Lerdo, México",97,2,3,55289.9
1162,1162,1162," Adolfo Lopez Mateos #146
, Toluca De Lerdo, México",100,2,3,41500
1163,1163,1163," Galeana
, Toluca De Lerdo, México",380,4,6,700000
1164,1164,1164," Santa María Totoltepec, Toluca De Lerdo, Méx. Null
, Santa María Totoltepec, Toluca De Lerdo",,2,3,120000
1165,1165,1165," Francisco Villa Null
, Toluca De Lerdo, México",,1,2,130000
1166,1166,1166," Calle Luis Procuna Colonia Paseos Santin
, Toluca De Lerdo, México",60,3,3,40000
1167,1167,1167," San Lorenzo Tepaltitlán, Toluca
, Toluca De Lerdo, México",84,2,3,36500
1168,1168,1168," Heroes, Toluca
, Toluca De Lerdo, México",60,1,2,39500
1169,1169,1169," Fraccionamiento Las Palomas Capuchinas, Toluca
, Toluca De Lerdo, México",114,1,2,55000
1170,1170,1170," Valle Don Camilo Sn
, Toluca De Lerdo, México",,1,3,225000
1171,1171,1171," Paseo Colón #120
, Toluca, Toluca De Lerdo",499,5,10,375000
1172,1172,1172," Santa Cruz Null
, Toluca De Lerdo, México",,5,4,125000
1173,1173,1173,"  Ex Hacienda San José
, Toluca De Lerdo, México",,3,4,325000
1174,1174,1174," Av Circuito De Los Dioses S/n
, Toluca De Lerdo, México",,2,4,94500
1175,1175,1175,"  Los Heroes 1
, Toluca De Lerdo, México",60,1,2,39500
1176,1176,1176," Lago Victoria #712
, Toluca De Lerdo, México",651,4,4,337500
1177,1177,1177," Hda. Antigua, Conj U Los Sauces Iv, 50200 San Nicolás Tolentino, Méx.
, Toluca De Lerdo, México",,1,4,60000
1178,1178,1178," Toluca De Lerdo, México",319,3,6,107500
1179,1179,1179," Casa Nueva En Venta Residencial Victoria
, Toluca De Lerdo, México",,2,3,155000
1180,1180,1180," Plan De Ayala 311
, Toluca De Lerdo, México",,4,4,100000
1181,1181,1181," Sierra Ventana #202
, Toluca De Lerdo, México",300,7,4,310000
1182,1182,1182," Av Hidalgo Ote #00
, Toluca De Lerdo, México",500,3,4,33550
1183,1183,1183," Girasol #218
, Toluca De Lerdo, México",120,2,3,63782.75
1184,1184,1184," La Merced  (alameda), Toluca De Lerdo",207,3,3,119920
1185,1185,1185," Adolfo Lopez Mateos #146
, Toluca De Lerdo, México",100,2,3,41500
1186,1186,1186," Cacalomacan, Toluca De Lerdo",169,2,3,120000
1187,1187,1187," Sn #sn
, Toluca De Lerdo, México",200,4,5,150000
1188,1188,1188," Lomas Altas Null
, Toluca De Lerdo, México",,4,5,182500
1189,1189,1189," Toluca De Lerdo, México",280,4,12,290000
1190,1190,1190," Toluca
, Toluca De Lerdo, México",144,1,3,100000
1191,1191,1191," Calle Joaquin Arcadio Pagaza
, Toluca De Lerdo, México",60,1,2,39500
1192,1192,1192," Toluca
, Toluca De Lerdo, México",116,2,3,70000
1193,1193,1193," Chilpancingo 616 Null
, Toluca De Lerdo, México",,1,4,120000
1194,1194,1194," Laguna De La Gavia Sn
, Ocho Cedros 2a Sección, Toluca De Lerdo",,2,4,87500
1195,1195,1195," Paloma Mensajera #65
, Toluca De Lerdo, México",140,2,3,70000
1196,1196,1196," Valle Verde, Toluca De Lerdo",227,2,4,145000
1197,1197,1197," Lago De Chapultepec 214
, Toluca De Lerdo, México",,3,6,110000
1198,1198,1198," Independencia #00
, Toluca De Lerdo, México",204,2,3,19100
1199,1199,1199," San José Guadalupe Otzacatipan S/n
, San Nicolás Tolentino, Toluca De Lerdo",,2,3,63000
1200,1200,1200," Toluca De Lerdo, México",220,3,5,85000
1201,1201,1201," Av. Independencia
, Toluca De Lerdo, México",,1,2,34000
1202,1202,1202," Miguel Mata #209
, Toluca De Lerdo, México",182,2,3,50000
1203,1203,1203," Capultitlán, Toluca De Lerdo",310,3,7,275000
1204,1204,1204," Toluca De Lerdo, México",70,1,2,42500
1205,1205,1205," Altamirano Null
, San Mateo Oxtotitlán, Toluca De Lerdo",,2,3,67500
1206,1206,1206," Toluca De Lerdo, México",190,2,3,28487.45
1207,1207,1207," Privada Hacienda Canutillo 0
, Toluca De Lerdo, México",,2,4,160000
1208,1208,1208," Tenochtitlan
, Santa María Totoltepec, Toluca De Lerdo",,1,3,87500
1209,1209,1209," Girasol #00
, Toluca De Lerdo, México",125,2,3,63782.75
1210,1210,1210," Av Independencia #139
, Toluca De Lerdo, México",100,1,3,20850
1211,1211,1211," Paseo Cristobal Colon #00
, Toluca De Lerdo, México",400,3,4,140915
1212,1212,1212," Calle Laguna Verde 904, El Seminario Primera Secc, 50170 Toluca De Lerdo, Méx. Null
, Toluca De Lerdo, México",,1,1,127500
1213,1213,1213," Cacalomacan, Toluca De Lerdo",400,3,3,410000
1214,1214,1214," Felix Parra 713
, Los Ángeles, Toluca De Lerdo",,2,3,72500
1215,1215,1215," Toluca De Lerdo, México",400,4,4,181750
1216,1216,1216," Toluca De Lerdo, México",245,2,3,97500
1217,1217,1217," Toluca De Lerdo, México",420,,3,190000
1218,1218,1218," Izcalli Toluca, Toluca De Lerdo",132,1,4,94500
1219,1219,1219," Toluca De Lerdo, México",654,4,4,300000
1220,1220,1220," Alamo
, De Tlanepantla, Toluca De Lerdo",228,2,5,240000
1221,1221,1221," Rancho La Mora, Toluca De Lerdo",143,3,3,117500
1222,1222,1222," Hacienda De Huatulco #108
, Toluca De Lerdo, México",550,4,3,500000
1223,1223,1223," Calle La Vesana 102,
, Toluca De Lerdo, México",170,2,3,155000
1224,1224,1224," Toluca De Lerdo, México",320,3,4,250000
1225,1225,1225," Toluca De Lerdo, México",90,1,3,57800
1226,1226,1226," Dr. Andrés Benavides 133
, Ciprés, Toluca De Lerdo",,4,4,665000
1227,1227,1227," Gral. José Vicente Villada 124, Delegación Sta Ana Tlapaltitlán, 50160 Toluca De Lerdo, Méx., México
, Toluca De Lerdo",290,3,3,284235
1228,1228,1228," Conocida Null
, Vicente Guerrero, Toluca De Lerdo",,1,3,149500
1229,1229,1229," Av Independencia #139
, Toluca De Lerdo, México",100,1,3,20850
1230,1230,1230," Santa Ana Tlapaltitlán, Toluca De Lerdo",200,3,3,165000
1231,1231,1231," Toluca De Lerdo, México",245,1,5,190000
1232,1232,1232," 719 #casa 10
, Bosques De San Mateo, Toluca De Lerdo",120,2,3,85000
1233,1233,1233," Lombardo Toledano, Fuentes De La Independencia
, De La Crespa, Toluca De Lerdo",130,2,3,102500
1234,1234,1234," Olimpo Null
, Toluca De Lerdo, México",,2,3,65000
1235,1235,1235," Toluca De Lerdo, México",66,1,3,51494.9
1236,1236,1236," San Mateo Otzacatipan, Toluca De Lerdo",255,3,3,160000
1237,1237,1237," De Los Padres Null
, Toluca De Lerdo, México",,2,2,65000
1238,1238,1238," Toluca De Lerdo, México",290,2,3,145000
1239,1239,1239," Privada De Los Largos #5a
, Toluca De Lerdo, México",232,3,4,90000
1240,1240,1240," San Mateo Otzacatipan, Toluca De Lerdo",140,2,3,110000
1241,1241,1241," Toluca De Lerdo, México",66,,,29500
1242,1242,1242," Hacienda Las Carretas #00
, Toluca De Lerdo, México",70,1,3,19096.65
1243,1243,1243," Tizoc #122
, Toluca De Lerdo, México",300,2,5,200000
1244,1244,1244," San Pablo Autopan, Toluca De Lerdo",81,1,,41000
1245,1245,1245,"  Con Deptos Salon Alberca Colonia Vicente Guerrero Toluca
, Toluca De Lerdo, México",628,13,17,900000
1246,1246,1246," Casa Gómez Farías, Col. Morelos Toluca Edo. De México
, Morelos 1a Sección, Toluca De Lerdo",183,4,6,175000
1247,1247,1247," Carretas 95
, Toluca De Lerdo, México",,4,4,425000
1248,1248,1248," Toluca De Lerdo, México",81,2,3,60000
1249,1249,1249," Cerrada Lázaro Cárdenas
, De Tlanepantla, Toluca De Lerdo",380,4,,170000
1250,1250,1250," Cacalomacan, Toluca De Lerdo",407,3,3,375000
1251,1251,1251," Toluca De Lerdo, México",233,3,3,187500
1252,1252,1252," Toluca De Lerdo, México",900,4,4,775000
1253,1253,1253," Casa Disponible Para Venta En Cerrillo Vista Hermosa
, Toluca De Lerdo, México",375,1,2,60000
1254,1254,1254," María Curie #303, Rf.35-10
, Toluca De Lerdo, México",195,2,3,237105
1255,1255,1255," Cacalomacan, Toluca De Lerdo",250,3,3,212500
1256,1256,1256," Cacalomacan, Toluca De Lerdo",653,3,3,735000
1257,1257,1257," Ocho Cedros, Toluca De Lerdo",96,6,6,60000
1258,1258,1258," Andres Benavides #00
, Toluca De Lerdo, México",530,3,3,550000
1259,1259,1259," Paseos Del Valle Null
, Toluca De Lerdo, México",,2,3,157500
1260,1260,1260," San Marcos #219
, Toluca De Lerdo, México",70,1,2,28231.65
1261,1261,1261," Industria Minera S/n
, Toluca De Lerdo, México",,2,3,82500
1262,1262,1262," Santa María Totoltepec, Toluca De Lerdo",185,1,3,80000
1263,1263,1263," Quetzalcoatl Null
, Club Jardín, Toluca De Lerdo",,2,4,124950
1264,1264,1264," Toluca De Lerdo, México",221,3,3,170000
1265,1265,1265," San Mateo Null
, Toluca De Lerdo, México",,2,3,62500
1266,1266,1266," Ejido Santa Cruz Azcapotzaltongo, Toluca De Lerdo",208,4,,90000
1267,1267,1267," Miguel Mata #209
, Toluca De Lerdo, México",136,2,3,21780.15
1268,1268,1268," Av Independencia #139
, Toluca De Lerdo, México",62,1,2,21100
1269,1269,1269," Carretas 97, Estado De México Null
, Toluca De Lerdo",,4,4,425000
1270,1270,1270," Circuito Principal Adolfo López Mateos #00
, Toluca De Lerdo, México",145,3,3,49500
1271,1271,1271," Marcelino Garcia Barragan 206
, Toluca De Lerdo, México",,3,4,147500
1272,1272,1272," San Mateo Oxtotitlán, Toluca De Lerdo",,1,3,90000
1273,1273,1273," Privada Chapala Null
, Toluca De Lerdo, México",,2,4,60000
1274,1274,1274," 16 De Septiembre
, Toluca De Lerdo, México",190,2,4,80000
1275,1275,1275," 23 De Septiembre Null
, Toluca De Lerdo, México",,4,4,297500
1276,1276,1276," Camino Al Panteón 0
, Toluca De Lerdo, México",,4,4,610000
1277,1277,1277," Parques Nacionales, Toluca De Lerdo",364,2,4,125000
1278,1278,1278," Parques Nacionales, Toluca De Lerdo",200,2,4,130000
1279,1279,1279," Casa Habitacion En Venta Conj. Prados Tollocan
, Toluca De Lerdo, México",53,1,2,33000
1280,1280,1280,"  Por La Avenida Matlatzincas, Toluca. $2,500,000
, Toluca De Lerdo, México",257,,,125000
1281,1281,1281," Toluca De Lerdo, México",500,2,,350000
1282,1282,1282," Toluca De Lerdo, México",850,4,4,725000
1283,1283,1283," Toluca De Lerdo, México",200,2,4,82500
1284,1284,1284," Carretera Toluca Naucalpan #1702, 6
, Toluca De Lerdo, México",126,3,2,97350
1285,1285,1285," Elena Cárdenas 114
, Toluca De Lerdo, México",,1,3,225000
1286,1286,1286," Casa Recien Remodelada 2,400,000 San Pedro Totoltepec
, San Pedro Totoltepec, Toluca De Lerdo",,2,4,120000
1287,1287,1287," Girasol #218
, Toluca De Lerdo, México",125,2,3,63782.75
1288,1288,1288," Fuentes De La Crespa Null
, Toluca De Lerdo, México",,2,3,97500
1289,1289,1289," Toluca De Lerdo, México",400,4,4,245000
1290,1290,1290," Cacalomacan, Toluca De Lerdo",250,3,3,127500
1291,1291,1291," Remanente Ii 12
, Toluca De Lerdo, México",,2,3,60000
1292,1292,1292," San Marcos #259
, Toluca De Lerdo, México",115,2,3,24193.15
1293,1293,1293," Paseo Cristobal #00
, Toluca, Toluca De Lerdo",550,3,3,114053.3
1294,1294,1294," Toluca De Lerdo, México",100,2,3,71294.95
1295,1295,1295," Toluca De Lerdo, México",200,2,3,43841.05
1296,1296,1296," Toluca De Lerdo, México",200,5,4,323350
1297,1297,1297," Av. Noe Pérez Y Rodolfo Sánchez 719
, Toluca De Lerdo, México",,2,4,230000
1298,1298,1298," Toluca De Lerdo, México",54,1,2,55000
1299,1299,1299," Agustín Melgar #sin Numero
, Toluca De Lerdo, México",280,3,3,110000
1300,1300,1300," Toluca De Lerdo, México",141,3,3,75000
1301,1301,1301," Dora #0
, Toluca De Lerdo, México",270,3,5,73608.3
1302,1302,1302," Universidad, Toluca De Lerdo",273,3,3,260000
1303,1303,1303," Toluca De Lerdo, México",302,2,4,125000
1304,1304,1304," S/n
, Toluca De Lerdo, México",200,3,3,117500
1305,1305,1305," General Gumercindo Enriquez #0
, Valle Verde, Toluca De Lerdo",120,2,3,34128
1306,1306,1306," Casa En Obra Negra En Cacalomacan
, Toluca De Lerdo, México",100,2,2,23750
1307,1307,1307," Prolongación Progreso #350, 00
, Toluca De Lerdo, México",220,2,3,30370.4
1308,1308,1308," Santa Elena #213
, San Lorenzo Tepaltitlán Centro, Toluca De Lerdo",54,1,2,16997.85
1309,1309,1309," Santa Elena #104, Casa 41
, San Lorenzo Tepaltitlán Centro, Toluca De Lerdo",48,1,2,15109.2
1310,1310,1310," Jose Marti #209
, San Lorenzo Tepaltitlán Centro, Toluca De Lerdo",95,2,2,27900
1311,1311,1311," Fracc. Santorini En Toluca. #2
, Toluca De Lerdo, México",95,2,3,74500
1312,1312,1312," Constituyentes 918-a
, Toluca De Lerdo, México",,1,8,150000
1313,1313,1313," Toluca De Lerdo, México",124,3,3,67329.1
1314,1314,1314," Pedregal De Barbabosa 16
, Toluca De Lerdo, México",,2,4,105000
1315,1315,1315," Calle Puerto De México Null
, Toluca De Lerdo",,2,4,125000
1316,1316,1316," Toluca De Lerdo, México",186,2,4,90000
1317,1317,1317," Atlacomulco #110
, Sor Juana Inés De La Cruz, Toluca De Lerdo",315,4,9,200000
1318,1318,1318," Independencia #501, 13
, San Lorenzo Tepaltitlán Centro, Toluca De Lerdo",153,3,3,44366.95
1319,1319,1319,"  En Las Palomas, Toluca
, Toluca De Lerdo, México",,1,2,55000
1320,1320,1320," Eduardo Gonzalez Y Pichardo #205
, La Merced  (alameda), Toluca De Lerdo",286,5,3,169500
1321,1321,1321," Eduardo Gonzalz Y Pichardo #205
, La Merced  (alameda), Toluca De Lerdo",286,5,3,169500
1322,1322,1322," Toluca De Lerdo, México",112,2,3,39920
1323,1323,1323," Francisco Villa Null
, Toluca De Lerdo, México",,2,4,75000
1324,1324,1324," De La Palma #0
, Toluca De Lerdo, México",590,6,6,32152.95
1325,1325,1325," Manuel Sotelo
, Toluca De Lerdo, México",,2,3,162500
1326,1326,1326," Reforma Y Ffcc Nacionales Null
, Toluca De Lerdo, México",,,3,281500
1327,1327,1327," Toluca De Lerdo, México",380,4,5,26696
1328,1328,1328," Benito Juárez, Toluca De Lerdo",110,2,3,48050
1329,1329,1329," Privada Jardin De Niños 109
, Toluca De Lerdo, México",,3,4,155000
1330,1330,1330," Toluca De Lerdo, México",240,2,3,62392.6
1331,1331,1331," Miguel Hidalgo Poniente Null
, Toluca De Lerdo, México",,1,8,700000
1332,1332,1332,"  Sor Juana Ines De La Cruz
, Toluca De Lerdo, México",,2,4,120000
1333,1333,1333,"  Santa Maria Totoltepec
, Toluca De Lerdo, México",,1,3,100000
1334,1334,1334," Leonardo Da Vinci S/n
, Toluca De Lerdo, México",,1,3,62500
1335,1335,1335," 16 De Septiembre Sn
, Toluca De Lerdo, México",,2,2,62500
1336,1336,1336," Tomas Alva Edison #223
, Toluca De Lerdo, México",123,4,4,142500
1337,1337,1337," Residencia A 5 Minutos Aeropuerto De Toluca
, Toluca De Lerdo, México",,3,4,325000
1338,1338,1338," Casa En Renta Las Misiones
, Toluca De Lerdo, México",,2,2,70000
1339,1339,1339," Toluca Null
, San Mateo Oxtotitlán, Toluca De Lerdo",,1,2,105000
1340,1340,1340," Paseo Cristóbal Colón #108
, Toluca De Lerdo, México",650,5,6,1800000
1341,1341,1341," Toluca De Lerdo, México",420,3,7,245000
1342,1342,1342," Cedral De Oriente 38
, Toluca De Lerdo, México",,1,2,49000
1343,1343,1343," Cto. Hacienda La Antigua 2
, Toluca De Lerdo, México",,1,2,30000
1344,1344,1344," Niños Heroes 211 22
, Toluca De Lerdo, México",,1,4,74500
1345,1345,1345," Paloma Perdiz #00
, Toluca De Lerdo, México",90,1,3,19208
1346,1346,1346," Andres Benavides Null
, Toluca De Lerdo, México",,2,4,232500
1347,1347,1347," Gómez Pedraza 504
, Toluca De Lerdo, México",,1,3,99500
1348,1348,1348," Luis Gonzaga Urbina #100
, Tlacopa, Toluca De Lerdo",450,2,3,142750
1349,1349,1349," Sierra Leona Null
, Toluca De Lerdo, México",,4,5,150000
1350,1350,1350," Génova #107
, Toluca De Lerdo, México",200,2,3,75250
1351,1351,1351," Sauces I Priv. Canelos
, Toluca De Lerdo, México",,2,3,80000
1352,1352,1352," Toluca De Lerdo, México",148,1,2,89950
1353,1353,1353," Flor De Ma. R. De M. 104a, Barrio De La Merced, 50080 De La Merced, Méx. Null
, Toluca De Lerdo, México",,1,3,225000
1354,1354,1354," Melia Mimosa #00
, Toluca De Lerdo, México",100,2,3,57000
1355,1355,1355," Tlacopa, Toluca De Lerdo",259,3,3,240000
1356,1356,1356," Santa Elena (cond. Los Pirules) #213, 5
, San Lorenzo Tepaltitlán Centro, Toluca De Lerdo",124,1,3,39032.1
1357,1357,1357," Toluca De Lerdo, México",483,3,4,395000
1358,1358,1358," Calle Revolucion 90
, Toluca De Lerdo, México",,1,3,50000
1359,1359,1359," Ocho Cedros, Toluca De Lerdo",300,3,4,157500
1360,1360,1360," Toluca De Lerdo, México",700,7,3,325000
1361,1361,1361," Nogal
, Ciprés, Toluca De Lerdo",800,4,4,425000
1362,1362,1362," Toluca De Lerdo, México",220,3,3,184248.7
1363,1363,1363," Conocida Null
, Toluca De Lerdo, México",,2,3,97500
1364,1364,1364," Toluca De Lerdo, México",123,4,4,142500
1365,1365,1365," Toluca De Lerdo, México",800,3,4,675000
1366,1366,1366," La Barranca #124
, Tlacopa, Toluca De Lerdo",87,1,2,26076.75
1367,1367,1367," Blvd. Lic Adolfo Lopez Mateos #146
, Toluca De Lerdo, México",160,2,3,45205.5
1368,1368,1368," Av Independencia #139
, Toluca De Lerdo, México",125,2,3,21100
1369,1369,1369," Toluca De Lerdo, México",90,1,,65000
1370,1370,1370," Prncipales 101
, Toluca De Lerdo, México",,3,6,80000
1371,1371,1371," De La Barranca #124
, Tlacopa, Toluca De Lerdo",100,2,2,26076.75
1372,1372,1372," Dora #0
, Toluca De Lerdo, México",240,2,4,73608.3
1373,1373,1373," San Luis Obispo #430
, San Luis Obispo, Toluca De Lerdo",310,2,4,33487.25
1374,1374,1374," Santa Ana Tlapaltitlán
, Toluca De Lerdo, México",,1,3,62500
1375,1375,1375," Dora #106
, Toluca De Lerdo, México",270,3,4,73608.3
1376,1376,1376," Toluca De Lerdo, México",260,2,3,75000
1377,1377,1377," Francisco Villa 10
, Toluca De Lerdo, México",,1,3,130000
1378,1378,1378," Toluca De Lerdo, México",250,5,,122500
1379,1379,1379," Hacienda San Jorge #000
, Toluca De Lerdo, México",185,3,3,33528.75
1380,1380,1380," Toluca De Lerdo, México",400,5,4,500000
1381,1381,1381," Fuentes De San José
, Toluca De Lerdo, México",,5,4,157500
1382,1382,1382," Ramon Corona Null
, Toluca De Lerdo, México",,2,3,147500
1383,1383,1383," Pedro Cortez 100
, Santa Bárbara, Toluca De Lerdo",,4,7,250000
1384,1384,1384," Toluca De Lerdo, México",240,2,2,125000
1385,1385,1385," Toluca De Lerdo, México",291,3,3,225000
1386,1386,1386," Toltecas #000
, Toluca De Lerdo, México",110,3,3,54672.5
1387,1387,1387," Josué Mirlo
, Federal (adolfo López Mateos), Toluca De Lerdo",250,2,3,171900
1388,1388,1388," Toluca De Lerdo, México",120,1,2,44950
1389,1389,1389," Toluca De Lerdo, México",440,2,2,700000
1390,1390,1390," Silverio Perez #131
, Toluca De Lerdo, México",95,1,2,32915
1391,1391,1391," Ramon Corona Null
, Toluca De Lerdo, México",,2,3,175000
1392,1392,1392," Toluca De Lerdo, México",250,3,4,200785.85
1393,1393,1393," Av Morelos Sur
, Toluca De Lerdo, México",118,2,3,
1394,1394,1394," Toluca De Lerdo, México",240,3,3,108660
1395,1395,1395," Conocido Null
, Toluca De Lerdo, México",,1,2,44000
1396,1396,1396," Toluca De Lerdo, México",274,2,4,175000
1397,1397,1397," Santos Degollado #000
, Toluca De Lerdo, México",525,4,4,69649.95
1398,1398,1398," Casa En
, Toluca De Lerdo, México",,1,2,31500
1399,1399,1399," Toluca De Lerdo, México",80,1,3,46000
1400,1400,1400," Se Vende Casa Como Terreno Atras De La Procuraduria Toluca
, Toluca De Lerdo, México",350,3,6,125000
1401,1401,1401," Juan Aldama #512
, Toluca De Lerdo, México",790,5,5,730000
1402,1402,1402," Camino Al Panteon Null
, Toluca De Lerdo, México",,4,4,610000
1403,1403,1403," Toluca De Lerdo, México",60,1,1,31500
1404,1404,1404," Tultepec 4
, Toluca De Lerdo, México",,1,2,30000
1405,1405,1405," Toluca De Lerdo, México",180,1,3,80000
1406,1406,1406," Toluca De Lerdo, México",530,4,3,650000
1407,1407,1407," Toluca De Lerdo, México",270,3,3,235000
1408,1408,1408," Boulevard Miguel Aleman #1, Casa 2
, Toluca De Lerdo, México",112,2,2,60000
1409,1409,1409," Toluca De Lerdo, México",141,3,3,83750
1410,1410,1410," Toluca De Lerdo, México",90,1,3,65750
1411,1411,1411," Ramon Corona Null
, Toluca De Lerdo, México",,2,3,197500
1412,1412,1412," Toluca De Lerdo, México",130,3,3,117700
1413,1413,1413," Toluca De Lerdo, México",,2,3,100000
1414,1414,1414," Jardines De Santa Teresa, Av. Jardines De Santa Teresa
, Toluca De Lerdo, México",,2,2,57500
1415,1415,1415," Toluca De Lerdo, México",283,2,5,190000
1416,1416,1416,"  Sor Juana Inés De La Cruz
, Toluca De Lerdo, México",265,2,3,130000
1417,1417,1417," Toluca De Lerdo, México",206,5,4,175000
1418,1418,1418," Toluca De Lerdo, México",180,3,3,241450
1419,1419,1419," Toluca De Lerdo, México",290,3,3,284235
1420,1420,1420," Casa Venta Toluca Centro Francisco Murguia
, Toluca De Lerdo, México",790,4,5,730000
1421,1421,1421," Toluca De Lerdo, México",204,3,3,139525
1422,1422,1422," Toluca De Lerdo, México",100,2,2,32910.65
1423,1423,1423," Toluca De Lerdo, México",378,2,,237500
1424,1424,1424," Toluca De Lerdo, México",400,3,5,190000
1425,1425,1425," Jose Vicente Villada #00
, Toluca De Lerdo, México",191,3,3,132500
1426,1426,1426," Rebeca #155
, Toluca De Lerdo, México",150,1,3,52500
1427,1427,1427," Felipe Villanueva #723
, Morelos 1a Sección, Toluca De Lerdo",100,2,3,85000
1428,1428,1428," Toluca De Lerdo, México",400,3,4,525000
1429,1429,1429," Toluca De Lerdo, México",182,2,3,137500
1430,1430,1430," Conocida Null
, Toluca De Lerdo, México",,1,2,42500
1431,1431,1431," Casa Ampliada San Pedro Totoltepec Muy Cerca Del Aeropuerto De Toluca
, San Pedro Totoltepec, Toluca De Lerdo",,2,3,130000
1432,1432,1432," Toluca De Lerdo, México",320,2,4,210000
1433,1433,1433," Casa Y Terreno En Venta En Toluca
, Toluca De Lerdo, México",700,4,6,3500000
1434,1434,1434," Independencia Null
, Toluca De Lerdo, México",,3,3,277500
1435,1435,1435," Toluca De Lerdo, México",270,2,3,73608.3
1436,1436,1436," Cristóbal Olmedo #134
, Toluca De Lerdo, México",180,2,4,28642.9
1437,1437,1437," Toluca De Lerdo, México",130,2,3,70156.8
1438,1438,1438," Toluca De Lerdo, México",1200,,5,1500000
1439,1439,1439," Remates Hipotecarios
, Toluca De Lerdo, México",60,2,2,24000
1440,1440,1440," Toluca De Lerdo, México",390,2,3,384500
1441,1441,1441," Toluca De Lerdo, México",140,2,3,49500
1442,1442,1442," Toluca De Lerdo, México",195,,,215550
1443,1443,1443," Toluca De Lerdo, México",340,4,4,300000
1444,1444,1444," -renta Andres Quintana Roo Esq. Cedro
, Ciprés, Toluca De Lerdo",530,2,3,625000
1445,1445,1445," Santa María Totoltepec, Toluca De Lerdo",120,3,3,125000
1446,1446,1446," Toluca De Lerdo, México",66,1,2,45122
1447,1447,1447," Toluca De Lerdo, México",624,3,4,222050
1448,1448,1448," Ramon Corona Null
, Toluca De Lerdo, México",,2,3,157500
1449,1449,1449," Toluca De Lerdo, México",100,2,3,89115
1450,1450,1450," Toluca De Lerdo, México",90,2,3,57500
1451,1451,1451," Eucaliptos Sauces I
, Toluca De Lerdo, México",63,1,2,47500
1452,1452,1452," Calle Miguel Hidalgo #00
, Toluca De Lerdo, México",152,2,3,80000
1453,1453,1453," Toluca De Lerdo, México",191,3,3,84080
1454,1454,1454," Miguel Hidalgo Y C #s/n
, Toluca De Lerdo, México",119,3,3,85000
1455,1455,1455," Manuel Ávila Camacho
, Morelos 1a Sección, Toluca De Lerdo",300,1,3,112600
1456,1456,1456," Oaxaca #1234
, Toluca De Lerdo, México",150,3,3,92500
1457,1457,1457," Toluca De Lerdo, México",721,4,5,800000
1458,1458,1458," Hacienda Zumpango #00
, Toluca De Lerdo, México",85,2,2,49822.4
1459,1459,1459," Toluca De Lerdo, México",157,2,3,140000
1460,1460,1460," Los Sauces Iv
, Toluca De Lerdo, México",135,1,2,43300
1461,1461,1461," Frijol #200
, Toluca De Lerdo, México",85,2,3,46000
1462,1462,1462," Frijol #102
, Toluca De Lerdo, México",120,2,3,49500
1463,1463,1463," Toluca De Lerdo, México",210,2,3,175000
1464,1464,1464," Toluca De Lerdo, México",120,2,2,45000
1465,1465,1465," Toluca De Lerdo, México",140,1,3,95000
1466,1466,1466," Gral. Jose Vicente Villada #00
, Toluca De Lerdo, México",237,4,5,137300
1467,1467,1467," Conocida Null
, Toluca De Lerdo, México",,2,4,175000
1468,1468,1468," Toluca De Lerdo, México",140,2,3,130000
1469,1469,1469," Jose Maria Arteaga #112
, Toluca De Lerdo, México",294,3,3,75000
1470,1470,1470," Calle María Curie 303, Delegación Santa Ana Tlapaltitlán, Toluca De Lerdo, Estad #**
, Toluca De Lerdo, México",245,25,3,275000
1471,1471,1471," Toluca De Lerdo, México",123,4,4,147800
1472,1472,1472," Toluca De Lerdo, México",235,2,3,125000
1473,1473,1473," Casa 2 Plantas
, Toluca De Lerdo, México",39,1,1,17900
1474,1474,1474," Miguel Hidalgo #00
, Toluca De Lerdo, México",180,4,3,63000
1475,1475,1475," Toluca De Lerdo, México",140,2,3,45205.5
1476,1476,1476," Genova
, San Mateo Oxtotitlán, Toluca De Lerdo",120,2,3,38213.5
1477,1477,1477," Residencial Crespa Town Modelo Zafiro
, De La Crespa, Toluca De Lerdo",,2,3,144413.05
1478,1478,1478," Villada #423
, Toluca De Lerdo, México",700,4,6,3500000
1479,1479,1479," Girasol #00
, Toluca De Lerdo, México",125,2,3,63782.75
1480,1480,1480," Sta. Elena #1400
, Toluca De Lerdo, México",140,2,3,22640
1481,1481,1481," Girasol #00
, Toluca De Lerdo, México",125,2,3,63782.75
1482,1482,1482," Toluca De Lerdo, México",,2,4,175000
1483,1483,1483," Maria Curie #303
, Toluca De Lerdo, México",195,3,3,297275
1484,1484,1484," Miguel Mata #209
, Toluca De Lerdo, México",260,2,3,48650
1485,1485,1485," Brigida Garcia #205
, Toluca De Lerdo, México",290,6,6,225000
1486,1486,1486," Domicilio Conocido Null
, Toluca De Lerdo, México",,3,3,100000
1487,1487,1487," Silverio Perez #00
, Toluca De Lerdo, México",90,2,3,32910.6
1488,1488,1488," Nueva Santa María De Las Rosas, Toluca De Lerdo",200,2,4,195000
1489,1489,1489," Sauces
, Toluca De Lerdo, México",,2,3,80000
1490,1490,1490," Toluca De Lerdo, México",102,,,62500
1491,1491,1491," Privada De Largos 5a
, Toluca De Lerdo, México",,2,4,84500
1492,1492,1492,"  En San Lorenzo Tepaltitlan Al 730 Mil
, Toluca De Lerdo, México",84,2,2,36500
1493,1493,1493," Morada De Encino
, Tlacopa, Toluca De Lerdo",184,1,2,118108.5
1494,1494,1494," Villa Toscana
, San Mateo Otzacatipan, Toluca De Lerdo",130,1,2,55544
1495,1495,1495," Fraccionamiento La Galia
, San Pedro Totoltepec, Toluca De Lerdo",102,1,2,60935.7
1496,1496,1496," Miguel Hidalgo
, San Mateo Otzacatipan, Toluca De Lerdo",180,1,2,70120
1497,1497,1497," Miguel Hidalgo Al 100
, San Mateo Otzacatipan, Toluca De Lerdo",139,1,2,82114.1
1498,1498,1498," La Toscana #00000
, Toluca De Lerdo, México",218,4,3,68000
1499,1499,1499," Carretera Toluca-naucalpan #1702
, Toluca De Lerdo, México",218,4,3,68000
1500,1500,1500," Calle Prol. 5 De Mayo 2 Ote. #1541
, Toluca De Lerdo, México",120,3,3,74500
1501,1501,1501," Capultitlán, Toluca De Lerdo",120,,,60000
1502,1502,1502," Calle Luis Gonzaga Urbina
, Tlacopa, Toluca De Lerdo",150,2,2,179943.45
1503,1503,1503," Toluca De Lerdo, México",216,4,4,85000
1504,1504,1504," Hacienda Rancho Seco #00
, Toluca De Lerdo, México",60,1,2,34443.15
1505,1505,1505," Circuito Cardenales #00
, Toluca De Lerdo, México",60,1,2,32100
1506,1506,1506," Toluca De Lerdo, México",233,3,3,187500
1507,1507,1507," Toluca De Lerdo, México",95,1,2,71294.9
1508,1508,1508," Toluca De Lerdo, México",233,3,5,125000
1509,1509,1509," Camino A San Juan Tilapa #137, 10
, Toluca De Lerdo, México",120,3,3,89000
1510,1510,1510," Boulevard Filiberto Navas, Fraccionamiento Villas Del Parque #0
, Toluca De Lerdo, México",158,2,3,56000
1511,1511,1511," Josue Mirlo
, Federal (adolfo López Mateos), Toluca De Lerdo",310,2,3,121828.55
1512,1512,1512," Cto. A. López Mateos Ote
, Toluca De Lerdo, México",136,1,2,47270
1513,1513,1513," Circuito Lopez Mateos #125
, Toluca De Lerdo, México",230,3,3,95000
1514,1514,1514," Av. Las Partidas
, Toluca De Lerdo, México",90,1,3,70600
1515,1515,1515," Jose Marti #209
, San Lorenzo Tepaltitlán Centro, Toluca De Lerdo",100,2,2,37300
1516,1516,1516," Paseo Colón 108
, Toluca De Lerdo, México",,3,6,1800000
1517,1517,1517," La Barranca #0
, Tlacopa, Toluca De Lerdo",120,2,3,26076.75
1518,1518,1518," Lorenzo Garza #203
, Toluca De Lerdo, México",70,1,2,39700
1519,1519,1519," Av. V. Guerrero
, Cacalomacan, Toluca De Lerdo",212,1,3,105199
1520,1520,1520," Gral. José Vicente Villada #00
, Toluca De Lerdo, México",237,4,5,137300
1521,1521,1521," Gral. José Vicente Villada 124, Delegación Sta Ana Tlapaltitlán, 50160 Toluca De Lerdo, Méx., México
, Toluca De Lerdo",,,,249759.75
1522,1522,1522," Toluca De Lerdo, México",380,3,,549950
1523,1523,1523," Cacalomacan, Toluca De Lerdo",547,4,3,600000
1524,1524,1524," Rancho La Independencia #233, Lt3 Fracc 56
, Toluca De Lerdo, México",100,1,2,40000
1525,1525,1525," Toluca De Lerdo, México",530,3,3,550000
1526,1526,1526," Orquideas
, Toluca De Lerdo, México",120,2,2,20543.15
1527,1527,1527," Carr. Toluca-naucalpan #1702, 0
, Toluca De Lerdo, México",120,2,2,90500
1528,1528,1528," Marie Curie #0
, Toluca De Lerdo, México",180,3,3,35237.5
1529,1529,1529,"  En Villada Toluca
, Toluca De Lerdo, México",700,,,1250000
1530,1530,1530," Toluca De Lerdo, México",110,1,3,49500
1531,1531,1531," Ignacio Allende #0
, Toluca De Lerdo, México",300,3,3,42500
1532,1532,1532," Toluca De Lerdo, México",400,3,3,800000
1533,1533,1533," Gómez Farias #00, 00
, Toluca De Lerdo, México",220,8,7,87500
1534,1534,1534," Toluca De Lerdo, México",280,3,4,129272.05
1535,1535,1535," Toluca De Lerdo, México",110,2,3,65848.8
1536,1536,1536," Gral. Jose Vicente Villada
, Santa Ana Tlapaltitlán, Toluca De Lerdo",191,1,3,136800
1537,1537,1537," Francisco Gonzalez Boca Negra Null
, Centro, Toluca De Lerdo",,4,6,125000
1538,1538,1538," Paseo Colón #108
, Toluca De Lerdo, México",650,5,6,1800000
1539,1539,1539," Guillermo Marconi
, Toluca De Lerdo, México",120,2,3,50339.65
1540,1540,1540," Toluca De Lerdo, México",120,2,2,28950
1541,1541,1541," Jose María Arteaga #112
, Toluca De Lerdo, México",294,3,3,100000
1542,1542,1542," Bernardo G De Lara
, Toluca De Lerdo, México",180,6,7,167500
1543,1543,1543," Toluca De Lerdo, México",280,3,4,120000
1544,1544,1544," Carretera Federal Toluca-naucalpan Villa Toscana #1702, 00
, Toluca De Lerdo, México",127,3,3,89600
1545,1545,1545," Calle Gomez Farias
, San Bernardino, Toluca De Lerdo",230,2,3,109484.9
1546,1546,1546," Arbol De Las Manitas #0
, Toluca De Lerdo, México",300,3,4,19520
1547,1547,1547," Ricardo Flores Magón
, Toluca De Lerdo, México",181,3,3,139370
1548,1548,1548," Independencia #223, 3
, Toluca De Lerdo, México",100,1,2,47500
1549,1549,1549," Toluca De Lerdo, México",133,2,3,68078.05
1550,1550,1550," Toluca De Lerdo, México",136,1,2,47270
1551,1551,1551," Toluca De Lerdo, México",250,3,5,85000
1552,1552,1552," Progreso #307, 0
, Toluca De Lerdo, México",90,2,3,53058.6
1553,1553,1553," Morelos #419, 108
, Toluca De Lerdo, México",80,1,3,35950
1554,1554,1554," Toluca De Lerdo, México",282,,,480250
1555,1555,1555," Privada Ajedrez 00
, Toluca De Lerdo, México",,2,3,127500
1556,1556,1556," Boulevard Filiberto Navas #100-b
, Toluca De Lerdo, México",158,2,3,60500
1557,1557,1557," Rio Lerma 70
, Toluca De Lerdo, México",,1,3,57500
1558,1558,1558," Cacalomacan, Toluca De Lerdo",69,1,2,70000
1559,1559,1559," Toluca De Lerdo, México",41,1,2,42500
1560,1560,1560," Rancho La Mancilla 110
, Toluca De Lerdo, México",,4,5,425000
1561,1561,1561," Manzana Xxi #lt 40, Casa A
, Toluca, Toluca De Lerdo",80,1,3,25375
1562,1562,1562," Toluca De Lerdo, México",148,2,3,80000
1563,1563,1563," Toluca De Lerdo, México",2317,,,1200000
1564,1564,1564," Toluca De Lerdo, México",507,,,325000
1565,1565,1565," Toluca De Lerdo, México",294,3,3,108000
1566,1566,1566," Filiberto Navas #100
, Toluca De Lerdo, México",110,2,2,57500
1567,1567,1567," Hacienda Zumpango #s/n
, Toluca De Lerdo, México",92,2,3,55000
1568,1568,1568," Bonita  Paseos De Toluca Sta Maria Totoltepec 1,680,000 Acepto Infonavit
, Santa María Totoltepec, Toluca De Lerdo",,2,3,84000
1569,1569,1569," Tomas Alva Dison #228, Casa B
, Toluca De Lerdo, México",239,2,3,105000
1570,1570,1570," Terreno En Venta Centro Toluca
, Toluca De Lerdo, México",700,3,,1333570
1571,1571,1571," Av. Santa Elena Al 100
, Toluca De Lerdo, México",50,1,2,28450
1572,1572,1572," Jose Vicente Villada #101
, Toluca De Lerdo, México",245,3,4,154750
1573,1573,1573," Azaleas #0
, Toluca De Lerdo, México",120,2,3,38750
1574,1574,1574," Toluca De Lerdo, México",400,4,6,345000
1575,1575,1575," Real Santa Clara #sn
, Toluca De Lerdo, México",90,2,3,54850
1576,1576,1576," Carretera Toluca-naucalpan #1702
, Toluca De Lerdo, México",218,4,3,68000
1577,1577,1577," Toluca De Lerdo, México",255,2,7,172500
1578,1578,1578," Avenida Jinetes #0
, Toluca De Lerdo, México",290,5,3,162500
1579,1579,1579," Antiguo Camino A San Lorenzo #200
, Toluca De Lerdo, México",180,2,3,48341.05
1580,1580,1580," Felipe Berriozabal #00
, Toluca De Lerdo, México",850,4,5,159900
1581,1581,1581," Josué Mirlo
, Toluca De Lerdo, México",310,1,3,126132.8
1582,1582,1582," Alberto Einstein #202, 10
, Toluca De Lerdo, México",200,3,3,75000
1583,1583,1583," Hacienda Del Valle
, Toluca De Lerdo, México",120,2,3,71450
1584,1584,1584," Av Independencia #143
, Toluca De Lerdo, México",160,2,2,19100
1585,1585,1585," Azaleas #0
, Toluca De Lerdo, México",100,1,3,27987.65
1586,1586,1586," Toluca De Lerdo, México",,4,3,590000
1587,1587,1587," Adolfo Lopez Mateos #146, 0000
, Toluca De Lerdo, México",140,2,3,59933.2
1588,1588,1588," Toluca De Lerdo, México",850,3,5,159900
1589,1589,1589," Juan Silveti #102
, Toluca De Lerdo, México",62,1,2,37620
1590,1590,1590," Fuente De Giovani #107
, Toluca De Lerdo, México",56,1,2,35637.5
1591,1591,1591," Camino Al Panteón #205
, Toluca De Lerdo, México",250,4,3,212500
1592,1592,1592," Pensador Mexicano 302pte
, Toluca De Lerdo, México",121,1,2,89550
1593,1593,1593," La Magdalena, Toluca De Lerdo",402,3,3,530750
1594,1594,1594," Circuito Hacienda La Laguna #0
, Toluca De Lerdo, México",91,1,2,82150
1595,1595,1595," Alberto Einstein #202
, Toluca De Lerdo, México",200,3,3,75000
1596,1596,1596," San Marcos #00
, Toluca De Lerdo, México",121,3,3,24272
1597,1597,1597," Toluca De Lerdo, México",200,5,4,54000
1598,1598,1598," Eulalia Peñaloza
, Federal (adolfo López Mateos), Toluca De Lerdo",226,3,3,112648.9
1599,1599,1599," Geologos #120
, Toluca De Lerdo, México",120,2,2,44950
1600,1600,1600," Circuito Hacienda La Laguna #00
, Toluca De Lerdo, México",143,2,3,65550
1601,1601,1601," Paloma Silvestre #00
, Toluca De Lerdo, México",120,2,3,25937.35
1602,1602,1602," Eduardo González Y Pichardo #0
, La Merced  (alameda), Toluca De Lerdo",369,2,3,168459.35
1603,1603,1603," Jesus Carranza #449
, Toluca, Toluca De Lerdo",624,3,4,222050
1604,1604,1604," Toluca De Lerdo, México",100,2,3,105000
1605,1605,1605," Calle Thomas Alva Edison #228
, Científicos, Toluca De Lerdo",123,4,4,185000
1606,1606,1606," Toluca De Lerdo, México",340,3,4,73608.3
1607,1607,1607," Eduardo Gonzalez Y Pichardo #0
, Toluca De Lerdo, México",410,2,3,168459.4
1608,1608,1608," Carretera Toluca Naucalpan #00
, Toluca De Lerdo, México",200,3,3,73500
1609,1609,1609," Galileo #201
, Toluca De Lerdo, México",295,3,4,45300
1610,1610,1610," C. De La Independencia #129
, Toluca De Lerdo, México",150,3,3,73500
1611,1611,1611," Andres Molina Lt 22 Mz4
, San Mateo Otzacatipan, Toluca De Lerdo",,1,2,38000
1612,1612,1612," Blvd. Isidro Fabela #1505
, Toluca De Lerdo, México",210,2,3,85850
1613,1613,1613," Toluca #606
, Toluca De Lerdo, México",110,2,2,28474
1614,1614,1614," Prol Paseo Totoltepec #302
, Toluca De Lerdo, México",102,2,3,86077.5
1615,1615,1615," Plan De San Luis #0, 1
, Toluca De Lerdo, México",439,4,7,147500
1616,1616,1616," Calle Jose Ma. Arteaga
, Toluca De Lerdo, México",529,1,3,167446.45
1617,1617,1617," Felipe Berriozabal
, Toluca De Lerdo, México",342,2,4,141900
1618,1618,1618," La Barranca #00
, Tlacopa, Toluca De Lerdo",84,1,2,25826.75
1619,1619,1619," Jose Maria Jauregui #00
, Toluca De Lerdo, México",140,2,2,26851.6
1620,1620,1620," Toluca De Lerdo, México",,,,32000
1621,1621,1621," Toluca De Lerdo, México",200,2,3,158423.35
1622,1622,1622," Oficinas En Venta Av Las Torres A 2 Min De Tren Mexico Toluca
, Toluca De Lerdo",,,,70000
1623,1623,1623," Avenida Independencia #00
, Toluca De Lerdo, México",60,2,2,18850
1624,1624,1624," Gladiolas #329
, Toluca De Lerdo, México",106,2,3,31966.25
1625,1625,1625," Toluca De Lerdo, México",30,1,1,21000
1626,1626,1626," Toluca De Lerdo, México",10,2,3,73600
1627,1627,1627," Fraccionamiento Hacienda Del Valle Ii
, Toluca De Lerdo, México",94,1,2,43970
1628,1628,1628," Adolfo Lopez Mateos #146, 0
, Toluca De Lerdo, México",318,3,3,67939
1629,1629,1629," San Mateo
, Toluca De Lerdo, México",150,1,2,55937.5
1630,1630,1630," Calle Juan Silveti
, Toluca De Lerdo, México",62,1,2,34240
1631,1631,1631," Calle Alberto Balderas
, Toluca De Lerdo, México",62,1,2,34240
1632,1632,1632," Ricardo Flores Magon Al 200
, Toluca De Lerdo, México",139,1,2,62920
1633,1633,1633," Fraccionamiento Los Sauces V
, Toluca De Lerdo, México",67,1,2,34780
1634,1634,1634," Conjunto Geovillas Los Cedros
, Toluca De Lerdo, México",56,1,2,34360
1635,1635,1635," San Lorenzo Tepaltitlan Al 200
, Toluca De Lerdo, México",112,1,2,58586.25
1636,1636,1636," Av. Ahuehuetes
, Toluca De Lerdo, México",54,1,2,47830
1637,1637,1637," Miguel Hidalgo #0000
, Toluca De Lerdo, México",153,3,3,33159.2
1638,1638,1638," Valle De Cuitzeo #0000
, Toluca De Lerdo, México",126,3,3,23109.35
1639,1639,1639," Toluca De Lerdo, México",240,2,4,73608.3
1640,1640,1640," Toluca De Lerdo, México",157,,,117500
1641,1641,1641," Doctor Juan Rodriguez #410
, Toluca, Toluca De Lerdo",550,4,5,57833.4
1642,1642,1642," Toluca De Lerdo, México",216,3,3,55662
1643,1643,1643," Paloma Silvestre #0
, Toluca De Lerdo, México",200,2,3,23815.3
1644,1644,1644," Paloma Tortola #0
, Toluca De Lerdo, México",200,2,3,23800.35
1645,1645,1645," Guillermo Marconi #00
, Toluca De Lerdo, México",120,2,2,34963.6
1646,1646,1646," Tanganica #00
, Toluca De Lerdo, México",100,2,3,93050
1647,1647,1647," José María Arteaga #405
, Toluca De Lerdo, México",504,2,3,282500
1648,1648,1648," Cerrada Lago Atitlán #508
, Toluca De Lerdo, México",180,3,4,125000
1649,1649,1649," Cerrada Lago Atitlán #508
, Toluca De Lerdo, México",180,3,4,125000
1650,1650,1650," Lic Jose Antonio Muñoz Samayoa #38
, Toluca De Lerdo, México",648,2,3,96845
1651,1651,1651," Jose Maria Arteaga #112
, Toluca De Lerdo, México",295,2,3,73300
1652,1652,1652," Av Independencia #143
, Toluca De Lerdo, México",100,2,3,18850
1653,1653,1653," Casa Habitacion #223
, Toluca De Lerdo, México",100,1,2,40000
1654,1654,1654," Toluca De Lerdo, México",122,2,3,67329.1
1655,1655,1655," Convento De San Antonio Padua #28
, Toluca De Lerdo, México",101,3,3,87500
1656,1656,1656," Av Independencia #0
, Toluca De Lerdo, México",120,2,3,21100
1657,1657,1657," Prol. Progreso #305
, Toluca De Lerdo, México",190,2,3,30370.4
1658,1658,1658," Av Independencia #0
, Toluca De Lerdo, México",160,2,3,21150
1659,1659,1659," Exhacienda De Mayorazgo #o
, Toluca De Lerdo, México",200,2,3,23749.55
1660,1660,1660," Juan Aldama Sur #708
, Toluca De Lerdo, México",520,4,5,58237.45
1661,1661,1661," Cacalomacan, Toluca De Lerdo",150,2,4,117500
1662,1662,1662," Calle Independencia Con Pedro Ascencio
, Toluca De Lerdo, México",480,2,3,161590
1663,1663,1663," Isabela Catolica #00
, Toluca De Lerdo, México",150,2,3,54800
1664,1664,1664," Circuito Hacienda La Laguna #00
, Toluca De Lerdo, México",94,2,4,82150
1665,1665,1665," Eulalia Peñaloza
, Federal (adolfo López Mateos), Toluca De Lerdo",225,3,3,80463.5
1666,1666,1666," Juan Aldama Sur #708
, Toluca De Lerdo, México",520,4,5,58237.45
1667,1667,1667," Doctor Juan Rodríguez #410
, Toluca, Toluca De Lerdo",800,5,5,57833.4
1668,1668,1668," Paseo Cristobal Colon Al 500
, Toluca De Lerdo, México",216,1,3,115550
1669,1669,1669," Guillermo Marconi Al 500
, Toluca De Lerdo, México",120,1,3,52599.75
1670,1670,1670," Lago Tanganica
, Toluca De Lerdo, México",190,1,3,77275
1671,1671,1671," Profra. Eulalia Peñaloza
, Toluca De Lerdo, México",225,1,3,96963.5
1672,1672,1672," Dora #0
, Toluca De Lerdo, México",200,3,4,73608.3
1673,1673,1673," Toluca De Lerdo, México",180,1,3,50091.7
1674,1674,1674," Privada De Fresno 109
, Tlacopa, Toluca De Lerdo",,2,3,175000
1675,1675,1675," Toluca De Lerdo, México",120,3,3,38213.5
1676,1676,1676," Toluca De Lerdo, México",97,2,3,82900
1677,1677,1677," Plan De San Luis #0, 1
, Toluca De Lerdo, México",435,4,6,147500
1678,1678,1678," Luis Gonzaga Urbina 316
, Salvador Sánchez Colín, Toluca De Lerdo",,3,3,112500
1679,1679,1679," Antonio Albarran, Fraccionamiento Paseos Del Valle
, Toluca De Lerdo, México",,,,29750
1680,1680,1680," Dora #000
, Toluca De Lerdo, México",240,4,4,73608.3
1681,1681,1681," Toluca De Lerdo, México",582,3,7,400000
1682,1682,1682," Toluca De Lerdo, México",300,2,3,69649.95
1683,1683,1683," Doctor Juan Rodríguez #410
, Toluca De Lerdo, México",550,4,5,65333.4
1684,1684,1684," Manzana 43 Fraccionamiento Hacienda Del Valle
, Toluca De Lerdo, México",99,2,3,78660
1685,1685,1685," Manzana 57 Conjunto Bosques De Cantabria
, Toluca De Lerdo, México",94,2,3,74700
1686,1686,1686,"  O Renta Lomas Altas Toluca
, Toluca De Lerdo, México",,,,350000
1687,1687,1687," Arbol De Las Manitas #0
, Toluca De Lerdo, México",160,3,4,19520
1688,1688,1688," Toluca De Lerdo, México",111,2,3,65550
1689,1689,1689," Toluca De Lerdo, México",94,2,3,64150
1690,1690,1690," Toluca De Lerdo, México",112,2,3,60000
1691,1691,1691," Toluca De Lerdo, México",130,2,3,94085
1692,1692,1692," Callejon De La Cruz 4
, Toluca De Lerdo, México",,3,5,85000
1693,1693,1693," Toluca De Lerdo, México",342,3,4,141900
1694,1694,1694," Felipe Berriozabal
, Toluca De Lerdo, México",342,2,3,159400
1695,1695,1695," Frijol #201
, Toluca De Lerdo, México",196,2,3,113771.75
1696,1696,1696," Toluca De Lerdo, México",310,2,3,121828.55
1697,1697,1697," Lago Tanganica #00
, Toluca De Lerdo, México",190,3,3,74275
1698,1698,1698," Lago Tanganica
, Ocho Cedros, Toluca De Lerdo",190,1,2,60775
1699,1699,1699," Toluca De Lerdo, México",100,1,3,28958.8
1700,1700,1700," Puebla #711
, Toluca De Lerdo, México",130,3,3,117700
1701,1701,1701," Sierra Ventana #206
, Toluca De Lerdo, México",180,3,3,241450
1702,1702,1702," Toluca De Lerdo, México",120,1,3,57500
1703,1703,1703," Av Independencia #143
, Toluca De Lerdo, México",100,2,3,18850
1704,1704,1704," Toluca De Lerdo, México",250,1,5,125000
1705,1705,1705," Felipe Villanueva #723
, Morelos 1a Sección, Toluca De Lerdo",100,2,3,93450
1706,1706,1706," Parque Chapa De Mota #40
, Toluca De Lerdo, México",180,1,3,67500
1707,1707,1707," Jose Fco Guerra #15
, Toluca De Lerdo, México",65,2,2,31412.3
1708,1708,1708," Doctor Juan Rodríguez #410
, Toluca, Toluca De Lerdo",550,4,5,57834.4
1709,1709,1709," 3a. Cerrada Ex-hda. San Jorge #0
, Toluca De Lerdo, México",185,3,3,39415.9
1710,1710,1710," Miguel Hidalgo #511, 0
, San Lorenzo Tepaltitlán Centro, Toluca De Lerdo",122,1,3,73014
1711,1711,1711," Toluca De Lerdo, México",148,2,3,80000
1712,1712,1712," Sierra Ventana #206
, Toluca De Lerdo, México",180,3,3,241450
1713,1713,1713," Fuente De La Vida #1
, Toluca De Lerdo, México",140,2,3,50000
1714,1714,1714," San Mateo #101
, Toluca De Lerdo, México",155,2,3,74250
1715,1715,1715," Toluca De Lerdo, México",108,2,2,47500
1716,1716,1716," Arteaga Ote #1006
, Toluca De Lerdo, México",150,3,3,112500
1717,1717,1717," Carretera Toluca-naucalpan #1702
, Toluca De Lerdo, México",218,4,3,68000
1718,1718,1718," La Barranca #0000
, Tlacopa, Toluca De Lerdo",70,1,2,25826.75
1719,1719,1719," San Mateo #101
, Toluca De Lerdo, México",90,2,3,55000
1720,1720,1720," Eulalia Peñaloza #224
, Toluca De Lerdo, México",270,2,3,70000
1721,1721,1721," Toluca De Lerdo, México",360,4,4,95406.9
1722,1722,1722," Prol Paseo Totoltepec #302
, Toluca De Lerdo, México",102,2,3,72431.95
1723,1723,1723," Mercurio 12
, Toluca De Lerdo, México",,2,3,65000
1724,1724,1724," Calle Tierra Y Libertad #00
, Toluca De Lerdo, México",200,3,3,49553.05
1725,1725,1725,"  San Mateo Otzacatipa Toluca
, San Mateo Otzacatipan, Toluca De Lerdo",110,2,3,87500
1726,1726,1726,"  San Pedro Totoltepec Toluca
, San Pedro Totoltepec, Toluca De Lerdo",110,2,3,65000
1727,1727,1727," Toluca De Lerdo, México",230,3,4,100000
1728,1728,1728,"  Barrio De Tlacopa Toluca
, Tlacopa, Toluca De Lerdo",132,2,3,165000
1729,1729,1729," Toluca De Lerdo, México",120,2,2,44950
1730,1730,1730," Juan Aldama Sur #708
, Toluca De Lerdo, México",520,4,5,50000
1731,1731,1731," Prolongación Jesús Carranza #1307
, Toluca De Lerdo, México",240,2,3,149250
1732,1732,1732," Guerrero #00
, Toluca De Lerdo, México",150,3,3,43737.1
1733,1733,1733," Melia Mimosas #0
, Toluca De Lerdo, México",100,1,3,54000
1734,1734,1734," Lago Tangarica
, Ocho Cedros, Toluca De Lerdo",190,2,3,60775
1735,1735,1735," Av Hidalgo
, Toluca De Lerdo, México",,,,55000
1736,1736,1736," San Buenaventura, Toluca De Lerdo",,,,24000
1737,1737,1737," Benito Juárez Garcia Sur
, Toluca De Lerdo, México",199,2,3,71106.6
1738,1738,1738," Avenida Miguel Hidalgo
, Toluca De Lerdo, México",,,,90700
1739,1739,1739," Excelente Terreno En Venta 1400 M2 Prol. Jinetes Cacalomacan
, Toluca De Lerdo, México",,,,84735.6
1740,1740,1740," El Frijol #209, Lote 55
, Toluca De Lerdo, México",210,2,3,130000
1741,1741,1741," Avenida Hidalgo Poniente #0
, Toluca De Lerdo, México",270,2,5,33557.45
1742,1742,1742," Guillermo Marconi #507
, Toluca De Lerdo, México",120,2,3,55099.75
1743,1743,1743," San Mateo #101
, Toluca De Lerdo, México",150,2,3,58437.5
1744,1744,1744," Lago Tanganica #708
, Toluca De Lerdo, México",190,2,3,79750
1745,1745,1745," Profra Eulalia Peñaloza #224
, Toluca De Lerdo, México",225,2,3,79750
1746,1746,1746," Toluca De Lerdo, México",180,2,3,241450
1747,1747,1747," Toluca De Lerdo, México",150,2,3,85991.35
1748,1748,1748," Mariano C. Olivera #246, Lt 34 Mz 16
, Toluca De Lerdo, México",150,2,3,45000
1749,1749,1749," Toluca De Lerdo, México",100,2,3,184248.65
1750,1750,1750,"  Fracc Los Pirules Tlalnepantla De Baz
, De Tlanepantla, Toluca De Lerdo",216,3,3,105000
1751,1751,1751," Pensador Mexicano #302, Int 2 Lote 2
, Toluca De Lerdo, México",120,2,3,87050
1752,1752,1752," Toluca De Lerdo, México",100,2,3,93450
1753,1753,1753," Toluca De Lerdo, México",181,3,3,139370
1754,1754,1754," Carretera Mexico-toluca #1706
, Toluca De Lerdo",133,2,3,88950
1755,1755,1755," Toluca De Lerdo, México",50,1,1,22000
1756,1756,1756," Toluca De Lerdo, México",710,5,4,1192500
1757,1757,1757," Cacalomacan, Toluca De Lerdo",,,,56000
1758,1758,1758," Quintqna Roo Esquina Cedro #s/n
, Toluca De Lerdo, México",530,3,3,625000
1759,1759,1759," Eduardo Gonzalez Y Pichardo #0
, Toluca De Lerdo, México",410,2,3,168459.4
1760,1760,1760," Toluca De Lerdo, México",199,2,3,71106.6
1761,1761,1761," Convento Santa Isabel #0
, Toluca De Lerdo, México",101,3,3,84937.5
1762,1762,1762," Blvd Miguel Aleman #mz 1 Lt B, 2
, Toluca De Lerdo, México",112,3,2,69200
1763,1763,1763," Leona Vicario #950
, Toluca De Lerdo, México",148,2,3,88600
1764,1764,1764," Lago Tanganica #00
, Toluca De Lerdo, México",100,2,2,78041.6
1765,1765,1765," Toluca De Lerdo, México",200,2,3,62555.4
1766,1766,1766," Lorenzo Garza #198
, Toluca De Lerdo, México",120,2,2,31550
1767,1767,1767," Toluca De Lerdo, México",225,2,3,92790
1768,1768,1768," Retorno 8 #1
, Toluca De Lerdo, México",141,3,3,83750
1769,1769,1769," Toluca De Lerdo, México",216,3,4,147800
1770,1770,1770," Toluca De Lerdo, México",70,1,3,25000
1771,1771,1771," Toluca De Lerdo, México",529,2,3,163946.45
1772,1772,1772," Eulalia Peñaloza
, Federal (adolfo López Mateos), Toluca De Lerdo",225,2,3,80463.5
1773,1773,1773," Juan Aldama Sur #708
, Toluca De Lerdo, México",520,3,4,58237.45
1774,1774,1774," Camino A San Juan Tilapa #137, 10
, Toluca De Lerdo, México",120,3,3,75000
1775,1775,1775," Manzana 7 Hacienda Del Valle
, Toluca De Lerdo, México",91,2,3,75180
1776,1776,1776," Toluca De Lerdo, México",96,2,3,62250
1777,1777,1777," Camino A San Juan Tilapa #00
, Toluca De Lerdo, México",124,3,3,93575
1778,1778,1778," Jose Maria Arteaga #112
, Toluca De Lerdo, México",294,3,3,108000
1779,1779,1779," Lago Tanganica #00
, Toluca De Lerdo, México",100,2,2,78041.6
1780,1780,1780," Toluca De Lerdo, México",130,3,3,117700
1781,1781,1781," Adolfo López Mateo #0, 0
, Toluca De Lerdo, México",210,1,3,41500
1782,1782,1782," Antiguo Camino A San Lorenzo #200
, Toluca De Lerdo, México",180,2,3,20367.25
1783,1783,1783," Toluca De Lerdo, México",141,3,3,83750
1784,1784,1784," Toluca De Lerdo, México",190,3,3,93450
1785,1785,1785," Lago Tanganica #sn
, Toluca De Lerdo, México",100,2,2,78041.6
1786,1786,1786," Toluca De Lerdo, México",180,3,3,241450
1787,1787,1787," Toluca De Lerdo, México",204,3,3,139525
1788,1788,1788," Geologos #120
, Toluca De Lerdo, México",67,1,2,50500
1789,1789,1789," Geologos #120
, Toluca De Lerdo, México",120,2,2,44950
1790,1790,1790," Soliraridad S/n
, Toluca De Lerdo, México",,,,191000
1791,1791,1791," Rayon #25
, Toluca De Lerdo, México",67,1,1,27500
1792,1792,1792," Toluca De Lerdo, México",120,2,2,35000
1793,1793,1793," Propiedad En Venta Col. Universidad
, Toluca De Lerdo, México",,1,1,124500
1794,1794,1794," Camino A San Juan Tilapa #137, 20
, Toluca De Lerdo, México",206,3,3,92500
1795,1795,1795," Toluca De Lerdo, México",200,4,5,130000
1796,1796,1796," La Toscana #00000
, Toluca De Lerdo, México",218,3,3,68000
1797,1797,1797," Toluca De Lerdo, México",300,4,3,129272.05
1798,1798,1798," José Martí #209, 00
, San Lorenzo Tepaltitlán Centro, Toluca De Lerdo",70,1,2,37300
1799,1799,1799," La Merced  (alameda), Toluca De Lerdo",1580,10,18,1400000
1800,1800,1800," Sierra Cotopaxi #113
, Toluca De Lerdo, México",270,2,3,50000
1801,1801,1801," Sierra Cotopaxi #113
, Toluca De Lerdo, México",270,2,3,50000
1802,1802,1802," Industria Minera #0
, Toluca De Lerdo, México",146,4,3,174000
1803,1803,1803," Valladolid #0
, Toluca De Lerdo, México",149,3,4,92271.45
1804,1804,1804," Toluca De Lerdo, México",102,2,3,72431.95
1805,1805,1805," Toluca De Lerdo, México",360,3,4,95406.9
1806,1806,1806," Toluca De Lerdo, México",100,2,3,22386.5
1807,1807,1807," Jose Antonio Villada
, Toluca De Lerdo, México",273,2,4,119300
1808,1808,1808," San Mateo
, Toluca De Lerdo, México",150,2,3,41437.5
1809,1809,1809," Arbol De Manitas #0
, Toluca De Lerdo, México",300,3,4,19520
1810,1810,1810," Agustín Millán #0
, Toluca De Lerdo, México",94,2,3,63900
1811,1811,1811," Tierra Y Libertad #114
, Toluca De Lerdo, México",200,2,3,34738.25
1812,1812,1812," Dora #106
, Toluca De Lerdo, México",240,4,4,55428.9
1813,1813,1813," Dora #106
, Toluca De Lerdo, México",240,4,4,55428.9
1814,1814,1814," Toluca De Lerdo, México",128,2,3,47680.5
1815,1815,1815," Toluca
, Toluca De Lerdo, México",,1,2,50000
1816,1816,1816," Casas Nuevas Acepto Infonavit 960 Mil 3 Recamaras
, Toluca De Lerdo, México",,1,3,48000
1817,1817,1817," Eduardo Gonzalez Y Pichardo #0
, La Merced  (alameda), Toluca De Lerdo",340,4,4,168459.4
1818,1818,1818," Toluca De Lerdo, México",160,2,3,43635
1819,1819,1819," Lago Tanganica #sn
, Toluca De Lerdo, México",100,3,2,78041.6
1820,1820,1820," Camino A Tlacotepec
, Vicente Guerrero, Toluca De Lerdo",212,1,2,88507.25
1821,1821,1821," Blvd Miguel Aleman #mz 1 Lt B, Casa 2
, Toluca De Lerdo, México",112,3,2,69200
1822,1822,1822," Guillermo Marconi #sn
, Toluca De Lerdo, México",74,2,3,54368.9
1823,1823,1823," Carlos A Velez 308
, Toluca De Lerdo, México",,2,4,175000
1824,1824,1824," Miguel L. Mata
, Toluca De Lerdo, México",,1,3,73600
1825,1825,1825," Boulevard Filiberto Navas #100
, Toluca De Lerdo, México",110,2,2,57500
1826,1826,1826," Conocida Null
, San Mateo Otzacatipan, Toluca De Lerdo",,2,2,59000
1827,1827,1827," Toluca De Lerdo, México",460,10,14,525000
1828,1828,1828," Retorno 8 #casa 1
, Toluca De Lerdo, México",141,3,3,83750
1829,1829,1829," Toluca De Lerdo, México",102,2,3,72431.95
1830,1830,1830," Av. Antiguo Camino A San Lorenzo Tepaltitlan
, Toluca De Lerdo, México",112,1,2,47297.25
1831,1831,1831," Rancho Seco #0000
, Toluca De Lerdo, México",80,1,2,10653.05
1832,1832,1832,"  Unidad Victoria Toluca
, Toluca De Lerdo, México",132,2,3,90000
1833,1833,1833," Felipe Berriozabal
, Toluca De Lerdo, México",342,2,3,70950
1834,1834,1834," Toluca De Lerdo, México",273,3,4,119300
1835,1835,1835," Puebla #711
, Toluca De Lerdo, México",130,3,3,117700
1836,1836,1836," Sierra Ventana #206
, Toluca De Lerdo, México",180,3,3,241450
1837,1837,1837," Jose Maria Arteaga #112
, Toluca De Lerdo, México",294,3,3,108000
1838,1838,1838," Callejón Zenzontle #manzana 8, 00
, Toluca, Toluca De Lerdo",100,2,3,53500
1839,1839,1839," Alejandro Von Humbolt 302
, Centro, Toluca De Lerdo",,3,6,550000
1840,1840,1840," Carretera Toluca Naucalpan #1702
, Toluca De Lerdo, México",133,2,3,68000
1841,1841,1841," Calle Sierra De Los Vertices Null
, Toluca De Lerdo, México",,3,4,162500
1842,1842,1842," San Mateo
, Toluca De Lerdo, México",150,2,3,41437.5
1843,1843,1843," Carretera Federal Toluca.naucalpan #1702
, Toluca De Lerdo, México",125,3,3,68691.55
1844,1844,1844," Mariano Jimenez #125
, Toluca De Lerdo, México",235,4,6,125000
1845,1845,1845," Toluca De Lerdo, México",96,2,3,86750
1846,1846,1846," Independencia #129
, Toluca De Lerdo, México",163,5,3,120600
1847,1847,1847," Toluca De Lerdo, México",120,2,3,51018.5
1848,1848,1848," Rebeca #00, 00
, Toluca De Lerdo, México",135,3,3,134726.45
1849,1849,1849," Prol Paseo Totoltepec #0
, Toluca De Lerdo, México",131,2,2,57000
1850,1850,1850," Paseo Cristobal Colón #511
, Toluca De Lerdo, México",204,3,3,139525
1851,1851,1851," Prolongación Progreso #307, 0
, Toluca De Lerdo, México",140,2,3,31750
1852,1852,1852," Tierra Y Libertad #114
, Toluca De Lerdo, México",200,2,3,39738.25
1853,1853,1853," Azaleas #0000
, Toluca De Lerdo, México",95,1,3,27737.7
1854,1854,1854," Paloma Silvestre #0000
, Toluca De Lerdo, México",130,1,3,23565.35
1855,1855,1855," Toluca De Lerdo, México",,,,950000
1856,1856,1856," Toluca De Lerdo, México",342,3,3,70950
1857,1857,1857," Toluca De Lerdo, México",123,4,4,142500
1858,1858,1858," Toluca De Lerdo, México",150,2,3,53800
1859,1859,1859," Arcoiris #0
, Toluca De Lerdo, México",150,2,3,19500
1860,1860,1860," Niños Heroes #nd
, Toluca De Lerdo, México",45,2,2,38500
1861,1861,1861," Toluca De Lerdo, México",396,2,3,400000
1862,1862,1862," Boulevard Miguel Aleman #mz-1 Lt.b
, Toluca De Lerdo, México",250,3,3,86000
1863,1863,1863," Antiguo Camino A San Lorenzo Tepatitlan #200, 00
, Toluca De Lerdo, México",112,3,3,61720.75
1864,1864,1864," S/n #s/n
, Toluca De Lerdo, México",55,1,2,86900
1865,1865,1865," Jesús Carranza #449
, Toluca De Lerdo, México",624,3,4,222050
1866,1866,1866," Doctor Juan Rodriguez #410
, Toluca De Lerdo, México",550,4,5,57833.4
1867,1867,1867," Lic Jose Antonio Muñoz
, Toluca De Lerdo, México",648,2,4,108550
1868,1868,1868," Diamante 119
, Toluca De Lerdo, México",,2,4,125000
1869,1869,1869,"  Santiago Miltepec Toluca
, Toluca De Lerdo, México",380,3,4,72500
1870,1870,1870," Toluca De Lerdo, México",240,4,5,110000
1871,1871,1871," Lago Tanganica #00, 00
, Toluca De Lerdo, México",190,3,3,85085
1872,1872,1872," Maria Curie (venta De Varias Casas En Fracc. Escrituradas) #303, 00
, Toluca De Lerdo, México",195,3,3,175000
1873,1873,1873," Toluca De Lerdo, México",190,1,3,74775
1874,1874,1874," Filiberto Navas #11
, Toluca De Lerdo, México",136,2,3,28564.4
1875,1875,1875," Girasol #218
, Toluca De Lerdo, México",140,1,3,75637.5
1876,1876,1876," Toluca De Lerdo, México",120,3,3,21950
1877,1877,1877," Retorno De Margaritas
, Toluca De Lerdo, México",,2,4,112500
1878,1878,1878," Toluca De Lerdo, México",85,1,3,80000
1879,1879,1879," Insurgentes
, Toluca De Lerdo, México",306,3,3,96687.5
1880,1880,1880," Eulalia Peñaloza #224
, Toluca De Lerdo, México",226,2,3,120000
1881,1881,1881," Toluca De Lerdo, México",225,1,3,94463.5
1882,1882,1882," San Jose De Los Cedros
, Toluca De Lerdo, México",,11,11,1320687.5
1883,1883,1883," Dora #000
, Toluca De Lerdo, México",240,4,4,73608.3
1884,1884,1884," Toluca De Lerdo, México",50,1,3,24168
1885,1885,1885," Toluca De Lerdo, México",624,3,4,215000
1886,1886,1886," Cda. Ex Hacienda De Mayorazgo #38
, Toluca De Lerdo, México",140,3,3,31501.35
1887,1887,1887," Av Antiguo Camino A San Lorenzo Tepaltitlan #200
, Toluca De Lerdo, México",112,2,3,61086.25
1888,1888,1888," Toluca De Lerdo, México",648,3,4,108550
1889,1889,1889," Independencia
, Toluca De Lerdo, México",162,3,3,80382.25
1890,1890,1890," Tomas Alva Edison #228
, Toluca De Lerdo, México",160,2,3,133625
1891,1891,1891," Independencia
, Toluca De Lerdo, México",157,2,3,105000
1892,1892,1892," Toluca De Lerdo, México",160,1,3,43635
1893,1893,1893," Toluca De Lerdo, México",100,2,3,27737.7
1894,1894,1894," Niños Héroes #432, 00
, Toluca De Lerdo, México",75,1,2,59400
1895,1895,1895," Vicente Guerrero
, Toluca De Lerdo, México",212,3,3,88699
1896,1896,1896," Marie Curie 303
, Toluca De Lerdo, México",195,1,2,274690
1897,1897,1897," Toluca De Lerdo, México",105,2,3,32910.6
1898,1898,1898," Galileo Galilei #215
, Toluca De Lerdo, México",230,2,4,90750
1899,1899,1899," Tlacopa, Toluca De Lerdo",300,1,2,
1900,1900,1900," Tlacopa, Toluca De Lerdo",300,1,2,
1901,1901,1901," Toluca De Lerdo, México",110,2,3,59327.15
1902,1902,1902," Independencia #143
, Toluca De Lerdo, México",110,2,2,62750
1903,1903,1903," Geólogos #120
, Toluca De Lerdo, México",120,2,2,60000
1904,1904,1904," Toluca De Lerdo, México",160,2,3,24777.75
1905,1905,1905," Toluca De Lerdo, México",130,3,3,110000
1906,1906,1906," Proyectistas #24
, Toluca De Lerdo, México",90,2,2,47000
1907,1907,1907," Del Cristo #0
, Toluca De Lerdo, México",150,2,3,39810.75
1908,1908,1908," Toluca De Lerdo, México",184,2,3,127200
1909,1909,1909," Ruta De La Independencia
, Científicos, Toluca De Lerdo",120,1,2,34633.9
1910,1910,1910," Toluca De Lerdo, México",63,1,2,27500
1911,1911,1911," Dora #106
, Toluca De Lerdo, México",200,3,5,45576
1912,1912,1912," Miguel Hidalgo #106
, Toluca De Lerdo, México",220,3,3,97500
1913,1913,1913," Guillermo Marconi N° 507
, Toluca De Lerdo, México",120,2,3,53339.65
1914,1914,1914," Toluca De Lerdo, México",210,,,117750
1915,1915,1915," Toluca De Lerdo, México",120,2,3,21950
1916,1916,1916," Quintana Roo Null
, Ocho Cedros, Toluca De Lerdo",,3,3,110000
1917,1917,1917," Paloma Silvestres #s/n
, Toluca De Lerdo, México",120,2,2,24002.85
1918,1918,1918," Eduardo González Y Pichardo
, La Merced  (alameda), Toluca De Lerdo",369,3,5,146500
1919,1919,1919," Toluca De Lerdo, México",111,1,,49900
1920,1920,1920," Filiberto Navas #0
, Toluca De Lerdo, México",136,2,3,28564.4
1921,1921,1921," Cda. Ex-hacienda De Mayorazgo #0
, Toluca De Lerdo, México",140,3,3,31501.35
1922,1922,1922," Toluca De Lerdo, México",195,1,3,237050
1923,1923,1923," Adolfo Lopez Mateos #1516
, Toluca De Lerdo, México",150,1,3,46767.5
1924,1924,1924," Toluca De Lerdo, México",150,2,3,64500
1925,1925,1925," Toluca De Lerdo, México",60,1,2,31950
1926,1926,1926," Toluca De Lerdo, México",69,1,2,25668
1927,1927,1927," Toluca De Lerdo, México",95,2,3,41560.25
1928,1928,1928," Av 18 De Marzo #227, Lt 8 Mz9
, Toluca De Lerdo, México",1394,20,20,455500
1929,1929,1929," Jardines De Tlacopa
, Toluca De Lerdo, México",,4,4,300000
1930,1930,1930," Toluca De Lerdo, México",69,1,2,25668
1931,1931,1931," Toluca De Lerdo, México",140,2,3,84500
1932,1932,1932," Prolongaciòn Progreso #307, 0
, Toluca De Lerdo, México",120,2,3,31750
1933,1933,1933," Toluca De Lerdo, México",158,2,3,87000
1934,1934,1934," Nezaulcoyotl #5
, Toluca De Lerdo, México",165,124,3,125000
1935,1935,1935," Santos Degollado #casa
, Toluca De Lerdo, México",180,3,4,68491.25
1936,1936,1936," Toluca De Lerdo, México",195,,,215550
1937,1937,1937," Toluca De Lerdo, México",123,3,4,147800
1938,1938,1938," Filiberto Navas #11
, Toluca De Lerdo, México",136,2,3,28564.4
1939,1939,1939," Cda. Ex Hacienda De Mayorazgo #38
, Toluca De Lerdo, México",140,3,3,31501.35
1940,1940,1940," Ponciano Diaz
, Toluca De Lerdo, México",90,1,3,37500
1941,1941,1941," B. De Olanda #26
, Toluca De Lerdo, México",160,3,3,34750
1942,1942,1942," Vicente Segura #115
, Toluca De Lerdo, México",60,1,2,30000
1943,1943,1943," Toluca De Lerdo, México",120,1,2,34633.9
1944,1944,1944," Toluca De Lerdo, México",225,2,2,78468
1945,1945,1945," Jose Marti #200, 00
, Toluca De Lerdo, México",70,2,3,49500
1946,1946,1946," Hacienda Cerro Viejo #00, 00
, Toluca De Lerdo, México",65,1,2,45000
1947,1947,1947," Toluca De Lerdo, México",217,2,2,124257
1948,1948,1948," Circuito Principal Adolfo Lopez
, Toluca De Lerdo, México",136,2,3,43975
1949,1949,1949," Jose Vicente Villada
, Toluca De Lerdo, México",191,2,3,74650
1950,1950,1950," Felipe Berriozabal
, Toluca De Lerdo, México",342,2,3,70950
1951,1951,1951," Toluca De Lerdo, México",136,2,3,43975
1952,1952,1952," Toluca De Lerdo, México",191,2,3,74650
1953,1953,1953," Toluca De Lerdo, México",342,2,3,70950
1954,1954,1954," Alberto Einstein #00, 00
, Toluca De Lerdo, México",200,3,3,75000
1955,1955,1955," Toluca De Lerdo, México",120,1,3,36475
1956,1956,1956," Camino A San Juan Tilapa #00, 00
, Toluca De Lerdo, México",120,3,3,75000
1957,1957,1957," Av 18 De Marzo #227, Lt 8 Mz 9
, Toluca De Lerdo, México",1394,5,40,455500
1958,1958,1958," Guillermo Marconi #00, 00
, Toluca De Lerdo, México",110,3,3,65000
1959,1959,1959," Toluca De Lerdo, México",206,5,4,175000
1960,1960,1960," José Ma. Robelo #00, 00
, Toluca De Lerdo, México",230,3,3,110000
1961,1961,1961," Calle Cerrada Lago Atitlán #00, 00
, Toluca De Lerdo, México",180,3,4,125000
1962,1962,1962," Felipe Villanueva #00, 00
, Toluca De Lerdo, México",100,2,3,85000
1963,1963,1963," Geólogos #00, 00
, Toluca De Lerdo, México",100,2,3,85000
1964,1964,1964," Toluca De Lerdo, México",110,2,3,59327.15
1965,1965,1965," Jose María Arteaga #00, 00
, Toluca De Lerdo, México",294,3,3,100000
1966,1966,1966," Toluca De Lerdo, México",126,2,3,38950
1967,1967,1967," Toluca De Lerdo, México",120,2,4,38018.5
1968,1968,1968," Garcia Moreno Null
, Toluca De Lerdo, México",,6,9,312500
1969,1969,1969," Tomas Alva Edison #00, 00
, Toluca De Lerdo, México",123,4,4,142500
1970,1970,1970," Capulhuac 782
, Toluca De Lerdo, México",,1,1,20000
1971,1971,1971," Valladolid ## 101, 19 A
, Toluca De Lerdo, México",227,4,4,65000
1972,1972,1972," Toluca De Lerdo, México",163,1,3,77500
1973,1973,1973," Toluca De Lerdo, México",168,3,3,47806.8
1974,1974,1974," La Merced  (alameda), Toluca De Lerdo",1000,2,3,750000
1975,1975,1975," San Mateo Otzacatipan, Toluca De Lerdo",139,,,80700
1976,1976,1976," Toluca De Lerdo, México",60,1,2,30000
1977,1977,1977," Toluca De Lerdo, México",120,2,2,35000
1978,1978,1978," Tlanepantla
, Toluca De Lerdo, México",,3,3,175000
1979,1979,1979," San Pedro Totoltepec, Toluca De Lerdo",124,,,112200
1980,1980,1980," Toluca De Lerdo, México",294,3,3,100000
1981,1981,1981," Toluca De Lerdo, México",353,5,5,105000
1982,1982,1982," Toluca De Lerdo, México",624,3,4,210000
1983,1983,1983," Toluca De Lerdo, México",245,,,263300
1984,1984,1984," Toluca De Lerdo, México",56,,,124465
1985,1985,1985," Resguardo Null
, Toluca De Lerdo, México",,3,10,900000
1986,1986,1986," Toluca De Lerdo, México",245,,,270250
1987,1987,1987," Toluca De Lerdo, México",245,,,270250
1988,1988,1988," Toluca De Lerdo, México",72,,,35000
1989,1989,1989," Toluca De Lerdo, México",200,,,122100
1990,1990,1990," Toluca De Lerdo, México",92,,,47900
1991,1991,1991," Toluca De Lerdo, México",280,,,159900
1992,1992,1992," Toluca De Lerdo, México",112,,,43992
1993,1993,1993," Toluca De Lerdo, México",115,,,41486.25
1994,1994,1994," Toluca De Lerdo, México",212,,,86502
1995,1995,1995," Toluca De Lerdo, México",150,,,41437.5
1996,1996,1996," Toluca De Lerdo, México",67,,,42500
1997,1997,1997," Zapata Sn S/n
, Toluca De Lerdo, México",,,,200000
1998,1998,1998," Toluca De Lerdo, México",306,,,96687.5
1999,1999,1999," Toluca De Lerdo, México",190,,,60775
2000,2000,2000," Toluca De Lerdo, México",92,,,62330
2001,2001,2001," Toluca De Lerdo, México",66,,,47500
2002,2002,2002," Toluca De Lerdo, México",42,,,13695
2003,2003,2003," Toluca De Lerdo, México",,,,270250
